age,education,balance,housing,loan,campaign,previous,poutcome,label
47,secondary,691,no,no,6,0,unknown,0
34,secondary,0,no,no,2,0,unknown,0
33,tertiary,99,no,no,1,0,unknown,0
58,secondary,502,yes,no,2,3,failure,0
51,tertiary,-15,no,no,2,0,unknown,0
45,tertiary,1929,yes,no,15,0,unknown,0
55,secondary,0,no,no,2,3,success,0
30,primary,185,no,no,1,0,unknown,0
33,secondary,-424,yes,no,1,0,unknown,0
27,secondary,0,yes,no,7,0,unknown,0
59,secondary,319,yes,no,3,0,unknown,0
34,tertiary,171,yes,no,1,1,failure,0
47,tertiary,-1148,yes,yes,2,0,unknown,0
44,primary,-11,yes,no,1,0,unknown,0
35,secondary,0,yes,no,1,0,unknown,1
45,tertiary,-206,yes,no,2,0,unknown,0
42,primary,704,yes,yes,10,0,unknown,0
38,secondary,1931,no,no,1,10,other,0
34,secondary,943,no,no,4,0,unknown,0
35,secondary,327,yes,no,3,0,unknown,0
29,secondary,-105,yes,no,3,0,unknown,0
58,secondary,983,no,no,1,0,unknown,0
44,primary,787,yes,no,2,0,unknown,0
45,tertiary,0,yes,no,3,0,unknown,0
43,secondary,3060,yes,no,2,0,unknown,0
44,secondary,5780,yes,no,2,0,unknown,0
30,secondary,790,no,no,3,0,unknown,0
38,tertiary,1449,no,no,6,0,unknown,0
50,secondary,1412,no,no,3,0,unknown,0
21,secondary,681,no,no,1,0,unknown,0
38,tertiary,228,yes,no,1,0,unknown,0
42,secondary,0,no,no,1,0,unknown,0
45,tertiary,2087,no,no,14,0,unknown,0
34,secondary,2,yes,yes,1,6,failure,0
48,secondary,197,no,yes,2,3,other,0
34,secondary,0,no,yes,4,0,unknown,0
32,secondary,1905,yes,no,2,0,unknown,1
35,tertiary,118,no,no,2,0,unknown,0
39,tertiary,2644,yes,no,1,0,unknown,0
36,tertiary,16430,yes,no,3,0,unknown,0
35,secondary,13,no,no,2,0,unknown,0
57,secondary,14,no,yes,2,0,unknown,0
28,secondary,769,yes,no,1,2,failure,0
43,unknown,3485,no,no,1,0,unknown,0
57,secondary,139,no,no,1,0,unknown,0
34,secondary,202,yes,no,1,0,unknown,0
36,tertiary,6,yes,no,1,1,failure,0
47,tertiary,2515,no,no,3,0,unknown,0
36,tertiary,5195,yes,no,25,0,unknown,0
33,tertiary,2098,no,no,1,0,unknown,0
57,tertiary,320,no,no,2,0,unknown,0
57,tertiary,3431,yes,no,1,0,unknown,0
34,secondary,50,yes,no,2,0,unknown,0
51,tertiary,370,yes,no,3,0,unknown,0
54,primary,-182,no,no,1,0,unknown,0
52,tertiary,1623,yes,no,17,0,unknown,0
43,tertiary,13342,yes,no,1,0,unknown,0
58,primary,6570,no,no,3,0,unknown,0
53,secondary,225,yes,no,1,1,failure,0
44,secondary,-665,no,no,3,0,unknown,0
29,tertiary,0,no,no,25,0,unknown,0
27,secondary,54,yes,no,2,0,unknown,1
35,primary,46,no,no,3,0,unknown,0
40,secondary,2,no,no,5,0,unknown,0
34,secondary,103,yes,yes,2,0,unknown,0
38,secondary,883,yes,no,1,9,other,0
32,secondary,55,yes,no,9,0,unknown,0
41,secondary,8238,yes,yes,4,0,unknown,0
25,secondary,913,yes,no,4,0,unknown,0
38,secondary,595,yes,no,3,0,unknown,0
26,secondary,7,yes,no,2,0,unknown,0
37,tertiary,1661,no,no,5,0,unknown,0
30,tertiary,102,yes,no,7,3,other,1
36,secondary,338,no,no,1,0,unknown,0
33,secondary,3132,yes,no,5,0,unknown,0
33,tertiary,490,yes,no,1,2,failure,0
35,tertiary,2682,yes,no,1,0,unknown,0
24,tertiary,0,yes,no,1,0,unknown,0
29,secondary,596,no,no,2,0,unknown,0
54,secondary,2059,yes,no,4,0,unknown,0
27,secondary,132,no,no,2,0,unknown,0
34,secondary,0,no,no,1,0,unknown,0
39,primary,385,yes,no,4,0,unknown,0
38,tertiary,223,no,no,1,0,unknown,0
37,tertiary,0,yes,no,13,0,unknown,0
26,secondary,512,yes,yes,5,3,failure,0
36,tertiary,1169,yes,no,2,0,unknown,0
35,tertiary,71,yes,no,12,0,unknown,0
30,tertiary,940,no,no,2,0,unknown,0
25,secondary,-80,yes,yes,1,0,unknown,0
34,secondary,0,yes,no,4,0,unknown,0
52,unknown,1317,no,no,1,0,unknown,0
39,secondary,179,no,no,1,0,unknown,0
34,secondary,1007,yes,no,2,0,unknown,0
34,secondary,0,no,no,4,0,unknown,0
30,secondary,1286,yes,yes,1,0,unknown,0
33,secondary,804,yes,yes,1,0,unknown,0
30,secondary,4,no,no,2,0,unknown,0
51,primary,0,yes,no,1,0,unknown,0
36,secondary,417,yes,no,10,3,failure,0
48,primary,1678,no,no,2,0,unknown,0
37,secondary,532,yes,no,1,0,unknown,0
58,secondary,407,yes,no,2,0,unknown,0
56,tertiary,659,no,yes,1,0,unknown,0
34,secondary,393,yes,no,9,0,unknown,0
33,secondary,661,yes,no,1,2,other,0
26,secondary,0,no,no,23,0,unknown,0
40,unknown,838,yes,no,3,0,unknown,0
35,secondary,195,yes,no,1,0,unknown,0
45,secondary,68,yes,no,1,0,unknown,0
37,secondary,-242,yes,no,6,0,unknown,1
35,tertiary,321,yes,no,1,0,unknown,0
43,secondary,3403,yes,no,2,2,success,1
28,secondary,8,yes,no,1,0,unknown,0
32,secondary,739,yes,no,1,0,unknown,0
26,secondary,622,no,no,2,0,unknown,1
35,secondary,152,yes,no,1,0,unknown,1
35,secondary,2,no,no,4,0,unknown,0
39,secondary,1439,yes,no,6,0,unknown,0
42,secondary,1491,yes,no,2,2,failure,0
32,secondary,6402,yes,no,1,1,success,0
30,secondary,1210,no,no,4,0,unknown,0
26,tertiary,122,no,yes,1,0,unknown,0
30,secondary,0,yes,no,1,0,unknown,0
32,tertiary,62,yes,no,1,0,unknown,0
47,secondary,3333,yes,yes,2,0,unknown,0
33,tertiary,16992,yes,no,1,0,unknown,0
57,primary,23,yes,no,8,0,unknown,0
35,secondary,0,yes,no,2,0,unknown,0
53,tertiary,6072,no,yes,4,0,unknown,0
24,secondary,366,no,yes,2,0,unknown,0
54,tertiary,0,no,yes,1,0,unknown,0
31,tertiary,1343,yes,yes,1,0,unknown,0
41,secondary,2105,yes,no,1,0,unknown,0
44,secondary,2319,no,no,3,0,unknown,0
35,secondary,35,yes,no,1,0,unknown,0
30,tertiary,877,no,no,1,5,failure,0
43,primary,30,yes,no,17,0,unknown,0
51,secondary,-2082,no,yes,6,0,unknown,0
60,secondary,89,no,no,2,0,unknown,0
43,secondary,104,no,no,1,0,unknown,0
31,tertiary,1750,yes,no,3,0,unknown,0
56,primary,772,yes,no,1,0,unknown,0
42,secondary,1048,yes,no,2,0,unknown,0
52,primary,592,no,no,2,0,unknown,0
40,secondary,0,yes,yes,2,1,failure,0
36,secondary,3064,yes,no,4,0,unknown,0
40,primary,33,no,no,3,0,unknown,0
46,secondary,0,yes,no,2,0,unknown,0
32,secondary,1649,no,no,2,0,unknown,0
31,tertiary,287,yes,no,1,0,unknown,0
41,secondary,0,yes,no,2,0,unknown,0
58,primary,419,no,yes,3,0,unknown,0
36,secondary,257,yes,no,2,0,unknown,0
52,secondary,118,no,no,20,0,unknown,0
42,tertiary,251,no,no,2,0,unknown,0
32,tertiary,1731,yes,yes,3,0,unknown,0
62,tertiary,0,no,no,3,0,unknown,0
31,tertiary,23,no,no,3,0,unknown,0
41,secondary,-386,no,yes,1,0,unknown,1
34,tertiary,5498,no,no,1,0,unknown,0
44,tertiary,5063,no,no,2,0,unknown,1
42,primary,7041,yes,no,4,0,unknown,0
37,secondary,654,no,no,2,0,unknown,0
47,tertiary,1890,no,no,1,0,unknown,0
32,secondary,2400,yes,yes,3,0,unknown,0
46,secondary,519,yes,no,6,0,unknown,0
39,tertiary,1190,no,no,1,0,unknown,0
28,secondary,229,yes,no,1,0,unknown,0
26,secondary,203,no,no,1,1,failure,0
52,secondary,1818,no,yes,2,4,failure,0
42,secondary,1289,no,no,4,2,failure,1
33,tertiary,39,no,no,5,0,unknown,0
73,primary,796,no,no,1,2,failure,1
35,secondary,57,no,yes,2,0,unknown,0
40,tertiary,1548,yes,no,3,0,unknown,0
51,secondary,117,no,no,2,4,other,1
37,secondary,0,yes,no,2,0,unknown,0
39,tertiary,691,yes,yes,1,1,failure,0
28,secondary,64,yes,no,3,0,unknown,0
49,tertiary,0,yes,no,3,0,unknown,0
36,secondary,957,yes,no,1,0,unknown,0
45,secondary,118,yes,no,2,0,unknown,0
29,tertiary,218,yes,no,1,0,unknown,0
35,secondary,724,yes,no,2,1,failure,1
35,tertiary,20,yes,yes,3,0,unknown,0
30,secondary,-28,yes,no,2,1,failure,0
46,primary,665,no,no,4,2,failure,0
25,tertiary,5,no,no,1,0,unknown,0
36,tertiary,925,no,no,3,4,success,1
42,primary,2519,yes,no,4,0,unknown,0
57,secondary,3927,no,no,1,0,unknown,0
42,tertiary,401,yes,no,9,0,unknown,0
29,tertiary,581,yes,yes,2,0,unknown,0
36,tertiary,1327,no,no,2,0,unknown,0
31,secondary,3242,no,no,2,0,unknown,0
59,primary,3163,yes,no,2,0,unknown,0
50,secondary,32,no,no,2,0,unknown,0
47,secondary,310,yes,yes,6,0,unknown,0
46,primary,0,no,no,1,0,unknown,0
26,primary,155,yes,no,1,4,failure,0
31,secondary,11386,yes,no,1,0,unknown,0
30,tertiary,1380,yes,no,2,0,unknown,0
47,unknown,2443,no,no,1,0,unknown,0
23,tertiary,1129,yes,no,1,0,unknown,1
44,primary,4232,no,no,1,0,unknown,0
42,secondary,5564,no,no,2,0,unknown,0
32,secondary,-402,yes,no,1,0,unknown,0
28,secondary,1323,yes,no,1,0,unknown,0
57,primary,1623,yes,yes,1,0,unknown,0
38,tertiary,1042,yes,no,2,0,unknown,0
22,secondary,2488,no,no,2,10,other,1
54,secondary,865,yes,no,1,0,unknown,0
32,tertiary,-1053,yes,no,3,0,unknown,0
32,tertiary,1667,yes,no,2,3,failure,0
59,secondary,975,yes,no,4,0,unknown,0
45,secondary,2571,no,no,2,0,unknown,0
53,primary,732,no,no,2,0,unknown,1
50,secondary,769,no,no,2,4,failure,0
34,secondary,-136,yes,yes,2,0,unknown,0
35,secondary,3636,no,yes,2,0,unknown,1
30,tertiary,931,no,no,1,0,unknown,0
62,secondary,565,no,no,3,0,unknown,0
40,secondary,271,yes,no,2,0,unknown,0
26,tertiary,1153,no,no,3,0,unknown,0
34,tertiary,-73,yes,no,1,0,unknown,0
50,unknown,558,no,no,1,6,failure,1
31,tertiary,137,no,no,9,0,unknown,0
35,secondary,700,yes,no,2,0,unknown,0
55,primary,-966,no,yes,1,0,unknown,0
34,secondary,96,no,no,2,0,unknown,0
58,primary,4007,no,no,4,0,unknown,0
50,tertiary,567,yes,no,8,0,unknown,0
31,secondary,40,no,no,2,0,unknown,0
47,secondary,136,no,yes,1,0,unknown,0
38,tertiary,917,yes,no,1,0,unknown,0
46,tertiary,593,yes,no,3,0,unknown,0
42,primary,505,yes,no,2,0,unknown,0
34,secondary,2542,yes,no,1,0,unknown,0
37,tertiary,5355,no,no,4,0,unknown,1
38,tertiary,807,no,no,2,0,unknown,0
59,secondary,9976,yes,no,2,0,unknown,0
32,secondary,0,no,no,3,0,unknown,0
55,tertiary,540,no,no,2,0,unknown,0
35,secondary,280,yes,yes,50,0,unknown,0
56,tertiary,-59,no,yes,6,0,unknown,0
27,secondary,-517,yes,no,3,0,unknown,0
42,secondary,2613,yes,no,6,0,unknown,0
42,unknown,-7,no,no,6,0,unknown,0
41,primary,0,yes,no,3,0,unknown,0
53,secondary,-200,no,yes,1,0,unknown,0
67,primary,2301,no,no,1,0,unknown,0
53,primary,104,no,yes,1,0,unknown,1
33,primary,191,yes,no,2,0,unknown,0
31,unknown,694,yes,no,2,0,unknown,0
31,secondary,212,yes,no,3,0,unknown,0
30,tertiary,1882,yes,no,5,0,unknown,0
48,unknown,131,yes,no,1,0,unknown,0
30,secondary,175,no,no,4,0,unknown,0
43,tertiary,0,no,no,4,0,unknown,0
38,tertiary,4425,yes,no,1,0,unknown,0
46,secondary,3533,yes,no,2,0,unknown,0
59,secondary,3573,no,no,1,0,unknown,0
44,tertiary,476,yes,yes,2,0,unknown,0
35,secondary,1257,yes,no,3,7,failure,0
55,unknown,23,no,no,1,3,other,0
39,tertiary,0,yes,no,2,0,unknown,0
36,secondary,398,yes,yes,2,0,unknown,0
33,secondary,745,yes,no,4,0,unknown,0
48,tertiary,8106,no,no,1,3,failure,0
33,tertiary,0,no,no,4,0,unknown,0
67,unknown,696,no,no,2,0,unknown,0
48,secondary,1266,yes,no,1,0,unknown,0
57,tertiary,2416,no,no,2,0,unknown,0
31,primary,25,no,no,5,0,unknown,0
30,tertiary,7513,no,no,2,0,unknown,0
56,primary,29,no,no,2,1,failure,0
26,primary,5116,yes,no,3,0,unknown,0
44,secondary,-1746,yes,no,1,0,unknown,0
44,secondary,14,no,no,1,1,success,1
31,tertiary,4148,yes,no,3,9,other,1
47,unknown,14,yes,no,1,0,unknown,0
30,secondary,105,yes,no,1,0,unknown,0
37,tertiary,767,no,yes,1,0,unknown,0
56,primary,0,no,yes,1,0,unknown,0
43,secondary,-228,yes,yes,2,0,unknown,0
42,secondary,508,yes,no,1,0,unknown,0
60,secondary,725,yes,no,1,0,unknown,0
34,unknown,41,yes,no,9,0,unknown,0
34,tertiary,184,no,no,4,0,unknown,0
41,tertiary,251,no,yes,3,0,unknown,0
38,secondary,-17,no,no,4,0,unknown,0
23,secondary,-19,yes,no,10,0,unknown,0
33,tertiary,1064,yes,no,1,0,unknown,1
36,secondary,777,yes,no,3,0,unknown,0
49,tertiary,377,no,no,1,2,failure,0
34,secondary,479,yes,no,1,5,failure,1
40,secondary,-375,yes,no,5,0,unknown,0
72,primary,796,no,no,2,0,unknown,0
43,secondary,17,yes,no,4,0,unknown,0
44,secondary,1071,yes,no,3,1,failure,0
35,secondary,0,yes,no,5,0,unknown,0
46,secondary,7378,no,no,1,0,unknown,0
55,secondary,865,yes,no,1,1,failure,0
50,secondary,-701,yes,yes,1,0,unknown,0
23,unknown,817,yes,no,1,0,unknown,0
34,unknown,1387,no,no,1,0,unknown,0
40,secondary,0,yes,yes,3,0,unknown,0
61,secondary,2917,no,no,1,0,unknown,1
53,secondary,4541,yes,no,6,0,unknown,0
57,secondary,0,no,no,1,0,unknown,0
28,secondary,4287,no,no,1,0,unknown,0
25,secondary,242,yes,no,12,0,unknown,0
38,secondary,171,yes,yes,1,0,unknown,0
27,secondary,259,yes,no,10,0,unknown,0
45,secondary,827,yes,no,5,0,unknown,0
31,secondary,469,no,yes,1,0,unknown,0
39,primary,2226,yes,no,1,0,unknown,0
42,secondary,0,no,no,12,0,unknown,0
46,tertiary,477,yes,no,6,0,unknown,0
36,secondary,42,yes,no,4,0,unknown,0
30,tertiary,775,yes,no,2,0,unknown,0
32,secondary,9,yes,no,2,0,unknown,0
52,tertiary,2557,no,no,5,2,success,1
31,tertiary,2395,no,no,1,0,unknown,0
60,primary,4895,no,no,1,0,unknown,0
35,secondary,376,yes,yes,3,0,unknown,0
38,tertiary,389,yes,no,1,0,unknown,0
46,tertiary,134,no,no,2,0,unknown,0
45,tertiary,1273,yes,yes,3,0,unknown,0
59,secondary,0,yes,no,3,0,unknown,0
34,tertiary,2892,yes,yes,7,0,unknown,0
33,secondary,0,yes,no,2,0,unknown,0
46,secondary,295,yes,no,6,0,unknown,0
48,secondary,292,yes,yes,6,0,unknown,0
31,secondary,85,no,no,1,0,unknown,0
32,secondary,4,no,no,2,4,failure,0
35,primary,-587,yes,no,1,0,unknown,0
36,primary,367,no,no,1,1,failure,0
52,tertiary,-1224,yes,no,4,0,unknown,0
45,tertiary,959,no,no,1,0,unknown,0
34,tertiary,0,no,no,2,0,unknown,0
25,primary,-589,yes,no,1,0,unknown,0
26,tertiary,-8,no,no,2,0,unknown,0
57,unknown,0,no,no,1,0,unknown,0
48,primary,247,yes,yes,1,0,unknown,0
48,unknown,5543,no,no,5,0,unknown,0
32,primary,642,no,yes,1,0,unknown,0
58,secondary,11,no,no,1,0,unknown,0
57,primary,-226,yes,no,1,0,unknown,0
31,tertiary,5191,no,no,2,0,unknown,0
33,secondary,-320,no,no,2,0,unknown,0
53,tertiary,2289,yes,yes,1,0,unknown,0
36,secondary,725,yes,no,3,8,failure,0
32,tertiary,705,yes,no,4,0,unknown,0
45,secondary,776,yes,no,4,1,failure,0
35,tertiary,816,yes,no,7,0,unknown,0
41,secondary,171,no,no,9,0,unknown,0
54,secondary,812,no,no,6,0,unknown,0
49,secondary,823,no,no,4,0,unknown,1
28,secondary,1453,yes,no,1,1,other,0
24,unknown,431,yes,no,12,0,unknown,0
30,secondary,1009,yes,no,1,0,unknown,0
32,primary,286,yes,no,1,0,unknown,0
53,tertiary,22370,yes,no,1,0,unknown,0
42,primary,2111,yes,no,2,0,unknown,0
48,primary,5366,yes,no,3,0,unknown,0
33,secondary,181,yes,yes,2,0,unknown,0
31,secondary,-452,yes,no,5,0,unknown,0
56,primary,1770,no,no,3,0,unknown,0
58,primary,0,no,no,1,0,unknown,0
37,secondary,-296,yes,no,1,0,unknown,0
59,primary,2358,yes,no,1,0,unknown,0
50,tertiary,1200,no,no,3,0,unknown,1
39,primary,109,yes,no,3,0,unknown,0
30,secondary,616,yes,no,1,0,unknown,0
47,secondary,4906,yes,no,1,0,unknown,0
44,secondary,313,no,no,4,0,unknown,0
38,primary,290,yes,no,1,0,unknown,0
50,tertiary,1240,no,no,2,0,unknown,0
27,tertiary,3672,yes,no,2,5,failure,0
73,secondary,19,no,no,2,0,unknown,0
46,primary,143,yes,no,1,0,unknown,0
56,secondary,212,no,yes,1,0,unknown,0
36,tertiary,9,no,no,4,0,unknown,1
33,primary,3074,no,no,1,0,unknown,0
40,tertiary,1734,yes,no,1,0,unknown,0
52,tertiary,575,no,no,1,0,unknown,0
51,secondary,397,yes,no,2,0,unknown,0
33,secondary,640,yes,no,3,0,unknown,0
54,secondary,158,yes,no,1,0,unknown,0
44,secondary,2984,yes,no,2,0,unknown,0
50,secondary,1011,yes,no,2,0,unknown,0
45,secondary,0,yes,no,1,4,failure,1
36,tertiary,1133,yes,no,1,2,other,1
42,secondary,4945,yes,no,2,0,unknown,1
37,secondary,712,yes,no,2,0,unknown,0
28,secondary,-427,yes,yes,2,0,unknown,0
56,secondary,2146,no,yes,1,0,unknown,0
59,secondary,92,yes,no,2,1,failure,0
32,secondary,10,yes,no,4,0,unknown,0
57,primary,1238,yes,no,1,0,unknown,0
49,secondary,981,yes,no,3,0,unknown,0
56,unknown,575,no,no,2,0,unknown,0
48,unknown,-70,no,no,1,0,unknown,0
27,tertiary,3733,yes,no,1,6,success,1
31,tertiary,574,yes,no,2,0,unknown,0
28,secondary,43,no,no,1,0,unknown,0
36,tertiary,428,no,no,1,0,unknown,0
58,primary,0,yes,no,1,0,unknown,0
46,secondary,0,yes,yes,2,2,failure,0
32,tertiary,474,yes,no,3,0,unknown,0
39,secondary,-540,no,no,1,0,unknown,0
35,tertiary,560,yes,no,1,1,failure,0
31,tertiary,325,yes,no,2,0,unknown,1
29,tertiary,437,no,no,1,1,success,1
48,primary,574,no,no,1,0,unknown,0
60,primary,0,no,no,3,0,unknown,0
74,secondary,935,no,no,1,1,other,0
30,secondary,699,yes,no,1,0,unknown,0
52,primary,0,no,no,11,0,unknown,0
24,secondary,-220,yes,no,1,0,unknown,0
29,secondary,11417,yes,no,2,0,unknown,0
33,primary,212,yes,no,2,0,unknown,0
34,secondary,67,yes,yes,3,0,unknown,0
45,secondary,0,no,no,1,0,unknown,1
31,secondary,0,no,yes,2,0,unknown,0
45,secondary,1673,no,no,1,0,unknown,0
27,secondary,-1202,yes,no,2,0,unknown,0
30,tertiary,4213,no,no,4,0,unknown,0
45,primary,0,no,no,2,0,unknown,0
57,secondary,1521,yes,yes,2,5,failure,0
34,tertiary,1310,no,no,3,7,other,0
40,secondary,0,yes,yes,1,0,unknown,0
39,tertiary,399,no,no,1,0,unknown,0
46,tertiary,405,no,no,3,0,unknown,0
55,tertiary,9756,yes,no,2,1,other,1
25,tertiary,2506,no,no,1,0,unknown,1
34,tertiary,697,no,no,1,0,unknown,0
37,primary,403,yes,no,2,1,success,0
64,tertiary,890,no,no,3,0,unknown,0
45,secondary,809,yes,no,2,4,failure,0
57,secondary,158,yes,no,1,0,unknown,0
21,unknown,137,yes,no,3,0,unknown,0
58,secondary,2705,no,no,1,0,unknown,0
41,secondary,75,yes,no,9,0,unknown,1
41,unknown,2457,yes,no,1,0,unknown,0
58,tertiary,541,yes,no,1,0,unknown,0
33,tertiary,287,yes,no,2,3,other,0
32,tertiary,273,yes,yes,3,0,unknown,0
44,secondary,0,yes,no,5,0,unknown,0
47,unknown,677,no,no,1,4,success,0
41,primary,340,no,no,3,0,unknown,0
54,tertiary,98,no,no,4,0,unknown,0
47,tertiary,477,yes,no,1,1,failure,0
32,tertiary,2629,no,no,4,0,unknown,0
59,tertiary,0,no,yes,2,0,unknown,0
29,tertiary,2325,no,no,1,0,unknown,1
48,secondary,-20,no,no,2,0,unknown,0
32,secondary,230,yes,no,1,8,failure,1
46,secondary,-852,no,yes,2,0,unknown,0
31,primary,-280,no,no,3,0,unknown,0
53,secondary,25,no,no,2,0,unknown,1
34,tertiary,9851,yes,no,5,0,unknown,0
48,unknown,5095,yes,no,1,0,unknown,0
32,secondary,687,no,no,4,0,unknown,0
31,secondary,1368,yes,no,4,0,unknown,0
27,primary,-179,yes,no,2,0,unknown,0
60,secondary,-396,yes,no,1,1,failure,0
34,tertiary,1011,yes,no,1,0,unknown,0
52,secondary,9,no,yes,1,0,unknown,0
48,secondary,1159,yes,yes,9,0,unknown,0
45,primary,-322,no,no,2,0,unknown,0
54,secondary,1114,yes,no,1,0,unknown,0
52,secondary,2072,no,no,1,0,unknown,0
47,tertiary,459,yes,no,4,0,unknown,0
54,secondary,1157,no,no,2,0,unknown,0
34,secondary,8309,yes,yes,1,0,unknown,0
39,tertiary,1043,no,no,10,0,unknown,0
46,secondary,2098,no,no,2,0,unknown,0
26,secondary,461,no,no,1,0,unknown,0
37,secondary,61,yes,no,8,0,unknown,0
47,secondary,1203,yes,no,2,0,unknown,0
35,secondary,1067,no,yes,6,0,unknown,0
57,primary,0,no,no,1,0,unknown,0
34,tertiary,1657,yes,no,2,4,failure,0
47,secondary,1219,no,no,4,0,unknown,1
27,secondary,7,yes,no,2,0,unknown,0
40,secondary,-839,yes,yes,2,0,unknown,1
39,secondary,994,no,no,1,1,failure,0
36,tertiary,6,no,no,1,0,unknown,0
42,secondary,0,no,no,2,0,unknown,0
23,primary,8627,yes,no,1,0,unknown,0
34,tertiary,133,yes,no,1,0,unknown,0
34,secondary,247,yes,yes,5,0,unknown,0
49,secondary,1114,no,no,1,0,unknown,0
57,primary,1592,no,yes,4,0,unknown,0
59,unknown,0,no,no,6,0,unknown,0
57,tertiary,46,no,no,2,0,unknown,0
34,secondary,1221,yes,no,1,8,failure,0
61,secondary,985,no,no,6,0,unknown,1
35,secondary,0,yes,no,1,0,unknown,0
42,tertiary,520,no,no,1,0,unknown,0
57,tertiary,10,no,no,3,0,unknown,0
42,secondary,2157,yes,no,1,2,failure,0
53,secondary,6095,yes,yes,5,0,unknown,0
63,tertiary,133,yes,no,2,0,unknown,0
47,secondary,1121,no,no,6,0,unknown,0
54,secondary,88,yes,no,1,0,unknown,0
45,secondary,0,no,no,10,0,unknown,0
28,tertiary,-328,yes,no,2,0,unknown,0
58,secondary,610,yes,no,2,0,unknown,0
48,tertiary,414,no,no,2,0,unknown,0
35,tertiary,0,yes,no,1,0,unknown,1
37,tertiary,0,no,no,1,0,unknown,0
37,secondary,685,yes,no,1,0,unknown,0
37,primary,22856,no,no,1,1,failure,0
25,secondary,-352,no,no,1,0,unknown,0
58,secondary,602,yes,no,1,0,unknown,0
52,secondary,-588,yes,no,4,0,unknown,0
19,secondary,302,no,no,1,0,unknown,1
59,secondary,5314,yes,no,3,0,unknown,0
41,secondary,64,yes,yes,2,0,unknown,0
34,tertiary,632,no,no,10,0,unknown,0
35,secondary,5731,yes,no,2,4,other,0
41,secondary,902,no,no,6,0,unknown,0
28,secondary,6307,yes,no,1,0,unknown,0
53,secondary,112,no,yes,3,0,unknown,0
35,secondary,0,no,yes,1,0,unknown,0
33,tertiary,621,no,no,1,0,unknown,0
37,secondary,435,yes,no,1,0,unknown,0
32,secondary,782,yes,no,4,0,unknown,0
32,secondary,478,yes,no,1,0,unknown,0
54,unknown,7864,yes,no,4,0,unknown,0
44,secondary,1910,yes,no,1,0,unknown,0
36,tertiary,1174,yes,no,2,0,unknown,0
56,secondary,1270,yes,no,2,2,other,0
30,tertiary,18,no,no,11,0,unknown,0
36,secondary,141,yes,no,3,0,unknown,0
43,tertiary,2886,no,no,1,0,unknown,0
40,secondary,2715,yes,no,2,0,unknown,0
32,tertiary,1100,yes,yes,1,0,unknown,0
34,secondary,516,yes,yes,1,0,unknown,0
37,secondary,1,no,no,2,0,unknown,0
28,secondary,775,no,no,2,0,unknown,0
35,primary,634,no,no,2,0,unknown,0
53,secondary,5715,no,no,2,0,unknown,0
60,unknown,1088,yes,no,1,0,unknown,0
40,secondary,1532,yes,yes,7,0,unknown,0
57,primary,75,no,no,2,0,unknown,0
29,secondary,103,no,no,1,0,unknown,0
44,primary,134,yes,no,1,0,unknown,0
41,secondary,748,no,no,7,3,other,0
47,secondary,1990,yes,yes,4,0,unknown,0
43,tertiary,192,no,no,2,0,unknown,0
37,secondary,267,no,no,1,0,unknown,0
34,tertiary,586,yes,no,2,0,unknown,0
30,secondary,648,yes,yes,1,0,unknown,0
57,secondary,25,yes,no,1,4,other,0
26,secondary,96,yes,no,2,3,other,0
34,tertiary,1116,yes,no,5,0,unknown,0
46,secondary,-90,no,yes,1,0,unknown,1
38,tertiary,170,yes,no,1,0,unknown,1
37,secondary,3665,no,no,3,0,unknown,1
28,tertiary,2380,no,no,2,0,unknown,0
57,primary,179,no,no,3,0,unknown,0
39,tertiary,763,yes,no,7,2,other,1
49,secondary,320,no,no,4,0,unknown,1
38,secondary,1960,yes,no,2,0,unknown,0
27,secondary,818,yes,no,5,0,unknown,0
30,secondary,2678,yes,no,5,0,unknown,0
38,tertiary,1980,no,no,2,0,unknown,0
36,tertiary,1582,no,no,2,1,failure,0
38,unknown,62,no,no,1,0,unknown,0
59,primary,235,no,no,2,0,unknown,0
37,tertiary,489,yes,no,5,0,unknown,0
29,tertiary,3931,yes,no,4,0,unknown,0
43,secondary,699,yes,yes,2,2,other,1
33,secondary,58,yes,no,2,0,unknown,0
54,secondary,1327,no,no,2,0,unknown,0
55,secondary,557,no,no,1,0,unknown,0
32,tertiary,741,yes,no,1,0,unknown,0
48,primary,3230,yes,no,3,0,unknown,0
33,tertiary,1439,yes,no,2,0,unknown,0
46,secondary,120,yes,no,11,0,unknown,0
44,tertiary,1058,no,no,3,0,unknown,1
47,primary,881,yes,no,1,2,failure,0
38,secondary,6728,no,no,1,4,success,1
80,secondary,462,no,no,2,0,unknown,0
40,secondary,167,yes,yes,4,1,failure,0
43,tertiary,1574,yes,no,3,0,unknown,0
32,tertiary,1625,no,no,1,1,failure,1
39,tertiary,562,no,no,2,0,unknown,0
33,secondary,9305,yes,no,2,0,unknown,0
31,secondary,35,no,yes,1,0,unknown,0
36,tertiary,0,no,no,2,0,unknown,0
35,tertiary,2486,yes,no,1,0,unknown,0
25,secondary,368,no,no,1,0,unknown,0
33,secondary,1558,yes,no,1,0,unknown,0
23,primary,8627,yes,no,1,1,failure,0
31,tertiary,2590,no,no,2,2,other,0
36,tertiary,0,yes,yes,3,0,unknown,0
44,tertiary,900,yes,no,2,0,unknown,0
31,tertiary,385,yes,no,1,0,unknown,0
55,primary,1649,yes,no,3,0,unknown,0
51,secondary,9228,no,no,4,0,unknown,1
36,secondary,0,yes,yes,2,0,unknown,0
27,tertiary,1,no,no,2,0,unknown,0
40,secondary,771,yes,no,4,0,unknown,0
49,secondary,280,yes,no,3,0,unknown,0
59,primary,46,no,no,2,0,unknown,0
32,tertiary,2431,yes,no,5,0,unknown,1
42,tertiary,308,no,no,2,0,unknown,0
35,tertiary,160,yes,no,6,0,unknown,0
29,secondary,555,yes,no,4,0,unknown,0
29,secondary,778,yes,no,2,0,unknown,0
37,secondary,48,no,no,2,0,unknown,0
49,primary,169,yes,no,3,0,unknown,0
51,secondary,12,yes,no,1,0,unknown,0
61,primary,848,no,no,1,1,other,0
43,secondary,481,yes,no,1,2,other,0
42,tertiary,12223,yes,no,1,0,unknown,0
24,secondary,-254,yes,yes,2,0,unknown,0
46,tertiary,1148,no,no,2,0,unknown,0
23,secondary,5,no,no,1,0,unknown,0
26,secondary,50,yes,no,1,0,unknown,0
43,primary,92,yes,no,2,0,unknown,0
35,tertiary,470,yes,no,13,0,unknown,1
38,secondary,0,no,no,4,0,unknown,0
56,primary,109,no,no,4,0,unknown,0
31,secondary,440,yes,no,3,0,unknown,0
32,tertiary,0,no,no,4,0,unknown,1
28,secondary,2685,no,yes,1,0,unknown,0
26,secondary,-3,yes,no,5,0,unknown,0
49,tertiary,7007,no,no,2,0,unknown,0
33,secondary,220,yes,no,1,0,unknown,0
80,primary,1548,no,no,2,0,unknown,0
40,secondary,326,yes,yes,1,0,unknown,0
42,secondary,0,yes,no,6,0,unknown,0
46,secondary,123,no,no,3,0,unknown,0
32,tertiary,697,no,no,1,3,failure,0
37,tertiary,223,yes,no,1,0,unknown,0
32,secondary,1694,yes,no,1,0,unknown,0
53,tertiary,4446,yes,no,1,0,unknown,0
39,tertiary,894,yes,no,1,1,other,0
31,secondary,202,yes,no,1,0,unknown,0
34,tertiary,0,no,no,2,0,unknown,0
44,tertiary,1707,no,no,3,0,unknown,0
35,secondary,13658,yes,no,2,0,unknown,0
39,secondary,406,no,no,5,0,unknown,0
55,secondary,96,no,no,2,0,unknown,0
34,secondary,0,yes,no,1,0,unknown,1
39,tertiary,-276,no,yes,4,0,unknown,0
58,secondary,413,no,no,5,0,unknown,0
37,primary,655,yes,no,2,4,failure,0
56,primary,694,no,no,1,1,other,1
32,secondary,10218,yes,no,2,0,unknown,0
41,tertiary,1646,yes,no,1,6,success,1
29,tertiary,14,no,no,1,1,failure,0
44,tertiary,7635,no,no,5,0,unknown,0
24,secondary,9,yes,no,7,0,unknown,0
43,secondary,1029,yes,no,1,0,unknown,0
26,tertiary,2855,no,no,3,0,unknown,0
39,secondary,260,yes,no,1,1,failure,0
49,secondary,2039,yes,no,1,2,failure,1
52,primary,-97,yes,yes,4,0,unknown,0
33,tertiary,1465,no,no,4,0,unknown,0
30,secondary,125,yes,no,2,0,unknown,0
32,tertiary,930,no,no,7,0,unknown,0
27,tertiary,0,yes,no,4,0,unknown,0
58,primary,73,no,no,1,0,unknown,0
46,primary,-35,yes,no,3,0,unknown,0
28,tertiary,1351,no,no,1,0,unknown,0
39,primary,1601,yes,no,2,0,unknown,0
41,unknown,88,yes,no,1,2,failure,0
38,secondary,435,yes,no,2,0,unknown,0
50,secondary,717,yes,no,1,0,unknown,0
56,secondary,705,yes,no,2,0,unknown,0
34,secondary,1553,no,no,2,0,unknown,0
33,secondary,-131,yes,no,1,0,unknown,0
61,secondary,1191,no,no,4,0,unknown,1
36,secondary,47,no,yes,6,0,unknown,0
34,tertiary,544,yes,yes,2,0,unknown,0
36,secondary,688,yes,no,2,0,unknown,0
45,tertiary,242,no,no,1,0,unknown,1
27,tertiary,118,no,no,1,0,unknown,0
45,secondary,-388,yes,no,2,0,unknown,0
40,tertiary,1603,no,no,1,0,unknown,0
36,secondary,1511,yes,no,1,0,unknown,1
46,primary,147,yes,no,2,3,failure,0
37,tertiary,836,yes,no,2,0,unknown,0
36,secondary,55,yes,no,2,4,failure,0
37,secondary,1123,no,yes,1,0,unknown,0
22,tertiary,691,no,no,1,0,unknown,1
51,secondary,0,no,yes,3,0,unknown,0
49,secondary,12531,no,no,8,0,unknown,0
35,tertiary,552,yes,yes,2,1,failure,0
50,primary,0,no,no,2,0,unknown,0
31,tertiary,309,yes,yes,1,0,unknown,0
47,secondary,33,yes,no,1,0,unknown,0
59,secondary,681,yes,no,2,0,unknown,0
32,secondary,1787,yes,no,4,4,failure,0
71,tertiary,14220,yes,no,1,0,unknown,1
31,tertiary,12569,no,no,1,1,failure,1
41,primary,4,no,no,5,0,unknown,0
35,primary,3587,yes,no,4,0,unknown,0
36,tertiary,254,no,no,3,0,unknown,0
46,primary,1712,no,no,1,0,unknown,0
46,secondary,4855,yes,no,1,1,failure,0
47,tertiary,2408,no,no,1,1,success,0
35,tertiary,252,yes,no,2,0,unknown,0
37,secondary,346,yes,no,1,1,failure,0
56,secondary,45,no,no,1,0,unknown,1
46,secondary,556,yes,yes,3,0,unknown,1
44,tertiary,-710,yes,no,1,0,unknown,0
48,tertiary,-551,yes,no,2,0,unknown,0
28,secondary,56,yes,no,1,0,unknown,0
38,tertiary,1514,no,yes,3,3,failure,0
34,tertiary,178,yes,no,2,0,unknown,0
56,secondary,359,yes,no,4,0,unknown,0
55,secondary,1580,no,yes,1,0,unknown,1
44,secondary,221,no,no,13,0,unknown,0
38,tertiary,1161,yes,no,1,0,unknown,0
53,secondary,1278,yes,no,3,0,unknown,0
41,tertiary,982,no,no,1,0,unknown,0
34,secondary,16,no,no,1,0,unknown,1
34,tertiary,1,no,no,1,0,unknown,0
35,secondary,128,yes,no,1,0,unknown,0
38,secondary,2543,no,no,1,4,failure,1
42,tertiary,42045,no,no,2,0,unknown,0
56,primary,828,yes,no,1,1,failure,0
37,tertiary,0,yes,no,6,0,unknown,0
47,secondary,3940,yes,no,2,5,success,0
29,secondary,125,yes,no,1,0,unknown,0
41,tertiary,140,yes,no,3,0,unknown,0
43,secondary,593,yes,no,1,0,unknown,0
38,secondary,746,no,no,3,0,unknown,0
31,secondary,589,yes,yes,1,0,unknown,0
32,tertiary,2343,no,no,1,0,unknown,0
40,tertiary,294,yes,no,5,0,unknown,0
45,secondary,644,no,yes,1,0,unknown,0
43,secondary,-26,yes,no,1,0,unknown,0
27,secondary,3354,yes,no,5,0,unknown,0
33,tertiary,23,no,no,3,0,unknown,0
37,secondary,7,yes,no,7,1,other,0
60,secondary,3735,no,no,1,9,success,1
51,unknown,2094,no,no,6,0,unknown,1
44,secondary,508,yes,no,1,1,failure,0
48,unknown,0,yes,no,1,1,other,0
57,primary,93,yes,no,1,0,unknown,0
29,tertiary,0,yes,no,2,0,unknown,0
50,secondary,26394,no,no,4,0,unknown,0
36,secondary,-11,yes,no,28,0,unknown,0
49,tertiary,523,yes,no,2,0,unknown,1
49,secondary,-74,yes,no,1,0,unknown,0
35,tertiary,0,no,no,1,0,unknown,0
39,secondary,122,yes,no,1,0,unknown,0
34,primary,351,no,yes,11,0,unknown,0
57,secondary,35,no,yes,3,0,unknown,0
37,secondary,2610,yes,no,1,0,unknown,0
25,secondary,64,no,no,11,0,unknown,0
43,primary,60,no,no,2,2,other,0
37,secondary,342,yes,no,2,1,failure,0
36,tertiary,1830,no,no,1,11,failure,0
49,tertiary,1904,no,yes,2,0,unknown,0
38,tertiary,16957,yes,no,1,2,failure,0
39,tertiary,26,no,no,5,0,unknown,0
40,tertiary,0,no,no,1,8,success,1
34,secondary,79,yes,no,1,0,unknown,0
39,primary,2303,yes,no,3,0,unknown,1
53,secondary,65,no,no,18,0,unknown,0
44,tertiary,332,yes,no,5,0,unknown,0
32,secondary,-399,yes,no,1,0,unknown,0
50,secondary,-54,yes,yes,2,1,failure,1
29,primary,-102,no,no,1,0,unknown,0
55,tertiary,4809,yes,no,2,3,other,0
73,primary,279,no,no,3,0,unknown,1
52,secondary,11,yes,no,1,0,unknown,0
49,secondary,2201,yes,no,3,0,unknown,0
63,primary,8044,no,no,1,0,unknown,0
34,secondary,2374,yes,no,1,2,failure,1
32,secondary,92,yes,no,1,2,failure,0
49,tertiary,443,no,no,6,0,unknown,0
40,primary,1397,yes,no,2,1,failure,0
53,unknown,7,no,no,1,0,unknown,0
53,tertiary,3177,no,no,2,0,unknown,0
43,primary,232,no,yes,1,0,unknown,0
35,secondary,81,yes,no,1,0,unknown,0
35,secondary,414,yes,no,5,2,other,0
25,tertiary,1433,yes,no,1,0,unknown,0
31,unknown,187,no,no,1,0,unknown,0
48,tertiary,0,no,no,16,0,unknown,0
40,secondary,4610,no,no,2,0,unknown,0
46,primary,1429,yes,no,1,0,unknown,0
30,secondary,334,no,no,2,0,unknown,0
47,secondary,2,no,yes,15,0,unknown,0
23,secondary,500,yes,no,3,0,unknown,0
29,tertiary,43,yes,no,2,0,unknown,0
38,secondary,4030,yes,no,2,5,failure,0
56,primary,306,no,yes,1,0,unknown,0
52,secondary,0,no,no,2,1,failure,0
55,secondary,168,no,no,2,0,unknown,0
43,tertiary,210,no,no,2,0,unknown,0
34,secondary,518,yes,no,1,0,unknown,0
43,tertiary,1696,yes,no,1,3,failure,1
55,secondary,-31,no,yes,2,0,unknown,0
34,secondary,856,yes,no,1,5,other,0
34,tertiary,318,yes,no,2,0,unknown,0
43,tertiary,64,no,no,2,0,unknown,0
39,primary,800,yes,no,6,0,unknown,0
39,unknown,75,no,no,1,0,unknown,0
34,secondary,347,yes,no,2,6,failure,0
55,tertiary,2366,yes,yes,4,0,unknown,0
67,tertiary,701,no,no,2,0,unknown,1
34,tertiary,475,yes,yes,1,0,unknown,0
47,secondary,3285,no,no,5,0,unknown,0
33,primary,925,no,no,3,0,unknown,0
45,secondary,128,no,yes,2,0,unknown,0
36,secondary,1587,yes,no,2,0,unknown,0
59,secondary,879,yes,no,1,0,unknown,0
33,secondary,478,no,no,2,0,unknown,1
52,secondary,280,no,no,5,0,unknown,0
53,primary,1868,no,no,4,0,unknown,0
41,primary,819,no,no,3,0,unknown,0
45,secondary,4646,yes,no,1,0,unknown,0
60,secondary,27,no,no,2,0,unknown,0
32,secondary,736,yes,no,3,0,unknown,0
28,tertiary,224,yes,no,3,0,unknown,0
31,secondary,2544,no,no,1,3,success,1
53,secondary,427,no,yes,4,0,unknown,0
58,tertiary,2764,no,no,1,0,unknown,0
38,secondary,376,yes,no,1,0,unknown,0
46,tertiary,523,yes,no,4,2,failure,0
53,tertiary,71,no,yes,1,0,unknown,0
56,secondary,3948,no,no,1,3,failure,0
52,secondary,1810,no,no,1,0,unknown,0
38,secondary,994,no,no,1,0,unknown,0
37,primary,52,yes,no,1,0,unknown,0
37,primary,11,no,no,8,0,unknown,0
37,secondary,0,no,no,1,0,unknown,0
66,primary,747,no,no,3,1,failure,0
44,primary,2657,yes,no,2,0,unknown,0
61,secondary,313,no,yes,1,0,unknown,0
34,secondary,61,no,yes,1,0,unknown,0
33,secondary,2557,yes,no,1,0,unknown,0
30,secondary,0,yes,no,1,0,unknown,0
27,secondary,10,yes,no,1,0,unknown,0
37,secondary,658,yes,no,1,0,unknown,0
38,primary,1679,yes,no,18,0,unknown,0
35,tertiary,0,no,yes,4,0,unknown,0
50,secondary,841,yes,no,2,0,unknown,0
39,secondary,0,yes,no,3,0,unknown,0
35,secondary,1160,yes,no,3,0,unknown,0
36,secondary,-37,yes,no,1,0,unknown,0
28,secondary,94,yes,no,1,0,unknown,0
39,tertiary,585,yes,no,1,3,failure,0
39,secondary,235,no,no,1,0,unknown,0
30,secondary,2145,yes,no,2,0,unknown,1
32,secondary,1464,yes,no,1,0,unknown,0
28,secondary,232,yes,yes,1,1,failure,0
47,primary,187,yes,no,1,0,unknown,0
53,tertiary,12,no,no,10,0,unknown,0
57,primary,318,yes,no,2,0,unknown,0
47,secondary,405,no,yes,2,0,unknown,1
56,tertiary,334,yes,no,2,0,unknown,0
38,primary,0,yes,no,32,0,unknown,0
52,primary,2,no,no,3,0,unknown,0
46,secondary,966,yes,yes,2,0,unknown,0
57,primary,195,no,yes,4,0,unknown,0
42,unknown,0,no,no,2,0,unknown,0
57,secondary,0,no,no,1,0,unknown,0
51,secondary,260,no,no,5,0,unknown,0
53,tertiary,451,yes,no,1,2,failure,0
37,primary,3242,yes,no,1,0,unknown,0
47,secondary,8515,yes,no,7,4,other,0
48,tertiary,1808,yes,no,1,0,unknown,1
39,primary,20,yes,no,1,0,unknown,0
42,secondary,3068,yes,yes,2,0,unknown,0
36,tertiary,23,no,no,11,0,unknown,0
34,secondary,1076,no,no,2,0,unknown,0
61,primary,1060,yes,no,1,0,unknown,0
32,secondary,678,yes,no,1,4,failure,1
35,primary,1147,yes,yes,1,0,unknown,0
54,secondary,-630,no,no,1,0,unknown,0
31,tertiary,459,no,no,14,0,unknown,0
45,secondary,976,yes,no,1,2,failure,0
32,tertiary,357,yes,no,2,0,unknown,0
52,secondary,-9,no,no,1,0,unknown,0
36,secondary,1927,yes,no,1,1,other,0
31,secondary,500,yes,no,18,0,unknown,0
53,secondary,9146,no,no,4,0,unknown,0
43,secondary,59,no,no,2,0,unknown,0
47,primary,0,no,no,2,0,unknown,0
46,primary,328,yes,no,8,0,unknown,0
34,secondary,291,no,no,2,0,unknown,0
55,tertiary,-703,yes,no,3,0,unknown,0
23,secondary,589,yes,no,1,0,unknown,0
75,secondary,6053,no,no,2,1,failure,0
58,secondary,1142,no,no,3,0,unknown,0
35,secondary,725,yes,no,7,1,failure,0
27,tertiary,802,no,no,1,0,unknown,1
24,secondary,556,yes,no,2,0,unknown,1
48,secondary,191,yes,no,3,0,unknown,0
31,secondary,373,no,no,5,0,unknown,0
57,secondary,6164,no,no,2,0,unknown,0
53,tertiary,37,no,no,9,0,unknown,0
42,primary,1156,yes,no,1,0,unknown,0
50,secondary,806,yes,yes,8,2,other,0
59,secondary,2381,no,no,2,0,unknown,0
38,secondary,-314,yes,no,2,0,unknown,0
39,secondary,285,yes,yes,1,0,unknown,0
28,primary,1199,yes,no,20,0,unknown,0
55,tertiary,481,yes,no,2,3,failure,0
33,tertiary,137,no,no,4,0,unknown,0
36,secondary,168,yes,no,1,0,unknown,0
38,secondary,156,yes,no,3,0,unknown,0
28,secondary,4745,no,no,1,5,success,1
32,tertiary,11797,yes,no,2,0,unknown,0
35,secondary,786,no,yes,1,0,unknown,0
58,primary,4015,no,no,3,0,unknown,0
30,secondary,0,yes,no,1,0,unknown,0
33,secondary,331,yes,no,7,5,other,0
36,secondary,1554,yes,no,4,0,unknown,0
32,secondary,132,yes,yes,2,0,unknown,0
34,tertiary,5086,no,no,4,0,unknown,1
42,secondary,529,yes,yes,3,0,unknown,0
41,tertiary,4824,no,yes,7,0,unknown,0
63,secondary,474,no,no,1,0,unknown,1
38,tertiary,86,yes,no,1,0,unknown,0
54,primary,2281,yes,no,1,0,unknown,0
39,secondary,186,yes,no,1,0,unknown,0
46,secondary,137,no,no,3,0,unknown,0
37,tertiary,6968,no,no,1,0,unknown,0
76,primary,86,no,no,1,0,unknown,0
28,unknown,81,no,yes,1,0,unknown,0
33,primary,6904,no,no,2,0,unknown,0
46,tertiary,137,yes,yes,1,0,unknown,0
30,secondary,25,no,no,1,0,unknown,0
60,tertiary,759,no,no,2,0,unknown,0
56,tertiary,1922,yes,no,2,0,unknown,0
24,unknown,3298,yes,no,1,0,unknown,0
58,secondary,764,no,no,4,0,unknown,0
79,primary,8556,no,no,2,2,success,1
32,secondary,3514,yes,no,2,0,unknown,0
33,primary,0,yes,no,2,0,unknown,0
77,primary,680,no,no,4,3,failure,0
60,primary,0,no,yes,1,0,unknown,0
54,tertiary,2819,no,no,3,0,unknown,0
30,primary,-518,yes,yes,6,0,unknown,0
50,secondary,60,no,yes,8,0,unknown,0
50,secondary,732,no,no,7,0,unknown,0
37,secondary,2707,yes,no,1,0,unknown,0
41,tertiary,177,yes,no,2,0,unknown,0
49,secondary,13229,no,yes,2,0,unknown,0
41,primary,-204,yes,yes,1,0,unknown,0
40,secondary,990,yes,no,3,0,unknown,0
38,secondary,648,yes,no,1,0,unknown,0
34,secondary,50,no,no,3,0,unknown,0
49,secondary,1916,no,yes,3,0,unknown,0
72,primary,763,no,no,2,0,unknown,1
34,secondary,470,yes,yes,1,0,unknown,0
31,secondary,0,no,yes,4,0,unknown,0
33,secondary,5739,yes,yes,1,0,unknown,0
31,tertiary,0,no,no,1,0,unknown,0
55,tertiary,-375,no,no,2,0,unknown,1
25,secondary,157,yes,no,31,0,unknown,0
34,tertiary,1518,yes,no,2,0,unknown,0
53,tertiary,1343,no,no,4,0,unknown,0
39,tertiary,-401,yes,no,4,0,unknown,0
41,primary,5310,yes,no,1,0,unknown,1
32,secondary,2285,yes,no,2,0,unknown,0
29,secondary,22171,yes,no,1,3,failure,0
56,tertiary,856,yes,yes,4,7,other,0
19,unknown,1169,no,no,18,0,unknown,0
39,tertiary,3797,no,no,2,0,unknown,0
32,secondary,53,yes,no,1,1,failure,0
43,primary,2519,yes,no,2,9,other,0
32,primary,795,no,no,3,0,unknown,0
53,secondary,0,yes,yes,2,0,unknown,0
52,secondary,2087,yes,no,1,1,failure,1
43,secondary,34,no,no,1,0,unknown,0
48,secondary,5,no,no,6,0,unknown,0
27,secondary,15,yes,no,3,0,unknown,0
27,tertiary,390,no,no,1,1,success,0
51,unknown,712,no,no,2,0,unknown,0
39,tertiary,2600,yes,no,1,0,unknown,0
33,secondary,-241,yes,yes,1,0,unknown,0
50,primary,1545,yes,no,1,0,unknown,0
59,secondary,1026,no,no,1,0,unknown,1
58,primary,435,yes,no,6,0,unknown,0
54,tertiary,876,no,no,3,3,success,1
60,secondary,1801,no,no,1,0,unknown,0
38,tertiary,2278,yes,yes,1,0,unknown,0
39,unknown,157,yes,no,6,0,unknown,0
40,secondary,1327,yes,yes,2,0,unknown,0
55,primary,284,no,yes,4,0,unknown,0
36,tertiary,495,no,no,3,6,success,1
31,secondary,1588,yes,no,1,0,unknown,0
38,secondary,0,yes,no,2,0,unknown,0
52,secondary,428,yes,no,1,0,unknown,0
45,primary,542,no,no,5,3,other,0
32,primary,66,no,no,1,0,unknown,0
58,secondary,314,no,no,2,0,unknown,0
35,tertiary,24,yes,no,1,2,failure,0
36,tertiary,613,no,no,2,0,unknown,0
55,secondary,1467,no,yes,2,0,unknown,0
45,secondary,192,yes,no,5,1,other,0
49,secondary,321,no,no,3,0,unknown,0
44,secondary,788,yes,no,1,0,unknown,0
37,secondary,48,yes,no,2,0,unknown,0
35,secondary,262,no,no,2,4,success,0
36,secondary,4438,yes,no,1,0,unknown,1
44,secondary,5045,yes,no,6,15,other,0
32,tertiary,3014,yes,no,2,0,unknown,0
56,tertiary,21664,no,no,8,0,unknown,0
32,tertiary,5878,no,no,2,0,unknown,0
35,tertiary,2723,yes,yes,4,0,unknown,0
44,secondary,576,yes,no,3,0,unknown,0
59,primary,0,no,no,2,1,failure,0
31,tertiary,2197,yes,no,3,0,unknown,0
60,unknown,104,yes,no,1,0,unknown,0
33,secondary,1279,yes,no,2,3,success,0
45,secondary,295,yes,no,1,0,unknown,0
45,primary,2128,yes,no,4,0,unknown,0
57,secondary,367,no,no,2,0,unknown,0
36,tertiary,1477,no,no,2,0,unknown,0
30,primary,71,yes,no,6,0,unknown,0
30,secondary,127,yes,no,6,1,other,0
59,secondary,2921,no,no,1,0,unknown,0
58,tertiary,16264,no,no,3,0,unknown,0
49,primary,1672,no,no,3,0,unknown,0
48,tertiary,9207,no,no,3,0,unknown,0
28,tertiary,356,no,no,2,0,unknown,0
59,primary,133,yes,no,1,0,unknown,0
40,tertiary,1217,yes,yes,1,0,unknown,0
32,secondary,202,yes,no,1,1,failure,0
58,secondary,590,no,yes,1,0,unknown,0
28,tertiary,442,no,no,3,3,other,1
27,tertiary,808,yes,no,1,1,other,0
38,tertiary,427,yes,no,3,2,failure,0
53,tertiary,431,yes,no,1,0,unknown,0
60,tertiary,4256,yes,no,3,1,other,1
33,tertiary,0,yes,yes,8,0,unknown,0
52,secondary,238,yes,no,1,5,other,0
64,tertiary,846,no,no,1,3,failure,1
40,secondary,3,no,no,1,0,unknown,1
52,secondary,693,no,no,1,0,unknown,0
28,secondary,0,yes,no,3,0,unknown,0
49,secondary,362,yes,no,2,0,unknown,0
28,secondary,618,yes,no,1,0,unknown,0
29,tertiary,2893,yes,no,1,0,unknown,0
87,primary,230,no,no,1,0,unknown,1
37,secondary,1287,yes,no,1,0,unknown,0
36,primary,179,no,no,1,0,unknown,0
35,tertiary,980,no,no,2,6,failure,0
33,tertiary,79,yes,no,2,2,failure,1
60,secondary,3043,no,no,3,0,unknown,0
25,tertiary,808,no,no,2,2,failure,1
69,secondary,745,no,no,1,0,unknown,0
41,secondary,1309,no,no,4,0,unknown,0
48,secondary,290,yes,no,2,0,unknown,0
35,primary,1792,yes,no,6,0,unknown,1
30,secondary,178,yes,no,5,0,unknown,0
59,tertiary,0,no,no,4,0,unknown,0
32,tertiary,537,no,no,3,0,unknown,0
28,secondary,416,yes,no,2,0,unknown,0
60,primary,1472,no,no,4,0,unknown,0
36,primary,3953,yes,no,1,0,unknown,0
32,tertiary,112,yes,no,1,0,unknown,0
34,tertiary,13204,yes,yes,2,0,unknown,0
58,secondary,0,no,yes,5,0,unknown,0
53,unknown,2240,yes,no,2,1,success,1
31,tertiary,22546,yes,no,6,4,failure,0
33,secondary,0,yes,no,7,0,unknown,1
46,primary,23,no,no,1,0,unknown,0
29,secondary,228,yes,no,8,9,failure,0
37,secondary,215,yes,no,1,0,unknown,0
58,primary,23,yes,no,6,0,unknown,0
34,secondary,293,yes,no,3,0,unknown,0
34,secondary,0,no,yes,1,0,unknown,0
49,primary,199,no,no,2,0,unknown,0
53,secondary,459,no,no,1,0,unknown,1
42,secondary,8131,yes,no,1,0,unknown,0
40,secondary,-378,yes,yes,1,6,failure,0
30,primary,395,no,no,1,0,unknown,0
31,secondary,10787,yes,no,2,0,unknown,0
55,secondary,865,yes,no,1,3,failure,0
36,tertiary,340,yes,no,2,0,unknown,0
31,secondary,1882,no,no,2,0,unknown,0
26,tertiary,265,no,no,2,0,unknown,0
31,secondary,389,yes,no,1,2,failure,0
49,secondary,0,yes,yes,7,0,unknown,0
54,tertiary,384,yes,no,7,0,unknown,0
47,tertiary,94,yes,no,19,0,unknown,0
61,secondary,1471,no,no,2,0,unknown,0
49,primary,937,yes,no,1,0,unknown,0
51,secondary,500,yes,no,6,0,unknown,0
53,primary,25,yes,no,3,0,unknown,0
35,tertiary,365,no,no,2,0,unknown,0
25,secondary,34,no,yes,1,0,unknown,0
79,primary,429,no,no,2,0,unknown,1
53,primary,6839,yes,no,1,0,unknown,0
21,secondary,6,no,no,1,0,unknown,0
33,secondary,467,yes,no,2,0,unknown,0
40,secondary,1876,no,yes,1,0,unknown,0
34,secondary,1847,yes,no,3,6,failure,0
52,primary,247,no,no,6,0,unknown,0
27,secondary,897,no,no,1,0,unknown,1
57,secondary,4664,no,no,4,1,failure,0
51,secondary,1291,yes,no,2,0,unknown,0
31,tertiary,64,no,no,1,2,success,0
49,tertiary,-471,yes,no,3,7,failure,0
32,tertiary,1160,yes,yes,2,0,unknown,0
28,tertiary,14,no,no,1,0,unknown,0
33,secondary,26,yes,no,3,1,other,0
50,unknown,452,no,no,2,0,unknown,0
42,secondary,382,yes,no,1,0,unknown,0
45,unknown,2033,no,no,1,4,failure,0
34,secondary,0,yes,no,1,0,unknown,0
56,unknown,789,yes,no,1,2,failure,0
33,secondary,142,yes,no,1,3,other,0
34,secondary,645,yes,no,1,0,unknown,0
37,unknown,897,yes,no,2,2,failure,0
37,secondary,103,yes,no,1,0,unknown,0
35,secondary,847,yes,no,2,0,unknown,0
38,tertiary,0,no,no,3,3,success,1
32,secondary,517,yes,no,1,0,unknown,0
52,tertiary,1308,yes,no,1,0,unknown,0
49,secondary,66,yes,yes,4,0,unknown,0
46,secondary,361,yes,no,7,0,unknown,0
42,primary,66,yes,yes,1,0,unknown,0
36,unknown,70,yes,no,4,0,unknown,0
32,secondary,180,yes,no,2,0,unknown,0
49,tertiary,279,yes,no,4,0,unknown,0
46,secondary,4,no,no,1,5,other,1
40,secondary,1416,yes,no,2,0,unknown,0
36,secondary,465,yes,no,1,0,unknown,0
36,secondary,998,yes,no,2,0,unknown,0
34,secondary,550,no,yes,1,0,unknown,0
46,tertiary,1285,yes,no,1,0,unknown,0
32,tertiary,4908,no,yes,2,0,unknown,0
32,tertiary,336,yes,no,1,0,unknown,0
32,tertiary,131,no,no,3,0,unknown,0
43,tertiary,348,no,yes,3,0,unknown,0
25,tertiary,453,yes,no,1,0,unknown,0
55,secondary,1102,yes,no,2,0,unknown,0
24,secondary,926,yes,yes,1,0,unknown,0
40,tertiary,502,yes,no,4,3,other,0
38,tertiary,8669,yes,no,3,6,failure,0
48,primary,316,no,no,2,0,unknown,0
36,tertiary,9324,yes,no,8,0,unknown,0
57,tertiary,0,no,no,4,0,unknown,0
45,secondary,72,yes,yes,2,2,failure,0
33,tertiary,61,no,no,3,0,unknown,1
38,secondary,173,no,no,4,0,unknown,0
26,secondary,-162,yes,no,2,0,unknown,0
30,tertiary,47,no,yes,17,0,unknown,0
55,tertiary,1983,yes,no,1,0,unknown,0
34,secondary,326,yes,yes,2,0,unknown,0
60,secondary,2552,no,yes,2,4,other,0
36,tertiary,1283,no,no,5,0,unknown,0
65,primary,2179,yes,no,7,0,unknown,0
39,tertiary,1047,no,no,1,0,unknown,1
52,primary,36,no,no,2,0,unknown,0
55,secondary,-308,no,no,1,0,unknown,1
26,tertiary,1177,no,no,1,0,unknown,0
40,primary,2077,yes,no,1,24,other,0
52,secondary,0,no,no,2,0,unknown,0
29,tertiary,1,no,no,3,0,unknown,0
41,primary,7735,yes,no,1,1,failure,0
30,tertiary,1922,yes,no,1,0,unknown,0
28,secondary,153,no,no,2,0,unknown,1
26,secondary,2770,yes,no,1,0,unknown,0
58,secondary,139,no,no,1,2,other,0
29,tertiary,21,yes,no,4,3,failure,0
48,secondary,178,yes,no,4,0,unknown,0
35,secondary,444,yes,no,3,0,unknown,0
26,secondary,209,yes,no,2,0,unknown,0
49,unknown,3096,no,no,2,0,unknown,0
34,secondary,5320,no,no,6,5,other,0
32,secondary,4885,yes,yes,2,0,unknown,0
31,secondary,0,yes,yes,3,0,unknown,0
48,primary,5462,no,no,4,0,unknown,0
40,secondary,6767,yes,no,2,0,unknown,0
42,secondary,2974,yes,no,5,0,unknown,0
48,secondary,427,no,no,1,0,unknown,0
38,secondary,8876,no,no,1,1,failure,0
53,tertiary,146,no,no,1,0,unknown,0
59,secondary,319,no,no,1,0,unknown,0
28,secondary,304,no,no,1,0,unknown,0
41,primary,389,yes,no,2,0,unknown,0
50,primary,766,no,no,2,0,unknown,0
31,secondary,0,yes,no,5,0,unknown,0
30,secondary,3107,yes,no,2,0,unknown,0
59,secondary,174,yes,no,1,0,unknown,0
33,secondary,-305,no,yes,1,0,unknown,0
35,secondary,670,no,no,1,0,unknown,0
30,tertiary,6164,yes,no,11,0,unknown,0
71,secondary,2850,no,no,1,0,unknown,1
30,primary,79,yes,no,1,0,unknown,0
24,secondary,110,yes,no,1,0,unknown,0
34,secondary,5039,no,no,6,0,unknown,0
34,secondary,360,yes,no,1,2,failure,0
52,secondary,199,no,no,2,1,other,0
33,secondary,238,yes,yes,5,0,unknown,0
38,secondary,5092,yes,no,6,0,unknown,0
41,secondary,1088,yes,no,1,0,unknown,0
42,tertiary,221,yes,no,2,0,unknown,0
38,secondary,889,no,yes,1,0,unknown,0
48,primary,750,yes,no,6,0,unknown,0
34,secondary,0,yes,yes,1,0,unknown,0
46,primary,1291,yes,no,3,17,failure,0
33,secondary,1844,yes,no,3,0,unknown,0
40,tertiary,89,yes,yes,6,0,unknown,0
36,secondary,4280,no,no,6,0,unknown,0
32,secondary,0,no,no,2,0,unknown,0
33,secondary,625,yes,no,1,0,unknown,0
55,unknown,574,yes,no,2,0,unknown,0
58,primary,320,yes,no,2,0,unknown,0
25,tertiary,468,yes,no,1,0,unknown,0
47,secondary,440,yes,no,1,0,unknown,0
40,secondary,0,yes,no,1,1,failure,0
59,secondary,5706,yes,no,2,0,unknown,0
40,tertiary,7780,no,no,1,1,other,0
30,secondary,-559,yes,yes,1,2,failure,0
25,tertiary,16874,yes,yes,2,0,unknown,0
58,primary,1987,no,no,4,0,unknown,0
39,unknown,98,yes,no,3,1,other,0
40,tertiary,642,no,no,3,0,unknown,0
38,secondary,526,yes,yes,2,0,unknown,0
66,tertiary,6483,no,no,1,0,unknown,0
47,tertiary,2306,no,no,4,0,unknown,1
37,secondary,954,yes,no,9,0,unknown,0
36,tertiary,-679,yes,yes,1,1,failure,0
50,primary,-1,no,no,2,0,unknown,0
76,primary,2590,no,no,12,0,unknown,0
58,tertiary,331,no,yes,3,0,unknown,0
42,secondary,4209,yes,no,6,0,unknown,0
58,secondary,462,no,no,1,1,success,1
28,tertiary,0,yes,no,1,0,unknown,0
41,secondary,0,no,no,2,0,unknown,0
30,tertiary,151,no,no,4,0,unknown,0
32,tertiary,883,yes,no,1,5,other,1
27,secondary,266,no,yes,1,0,unknown,0
48,tertiary,0,no,no,5,0,unknown,0
36,tertiary,491,yes,no,3,0,unknown,0
54,tertiary,3,no,yes,1,0,unknown,0
36,secondary,198,yes,no,2,0,unknown,0
52,secondary,14363,no,no,1,0,unknown,0
34,secondary,0,yes,yes,16,0,unknown,0
43,secondary,136,no,no,7,0,unknown,1
32,tertiary,28,no,no,2,0,unknown,0
33,tertiary,335,no,no,4,0,unknown,0
51,unknown,174,no,no,3,0,unknown,0
39,secondary,270,yes,no,1,0,unknown,0
44,tertiary,1206,no,no,2,0,unknown,0
49,primary,198,yes,no,3,0,unknown,0
25,tertiary,914,yes,no,2,0,unknown,0
39,secondary,31,yes,no,2,4,failure,0
54,secondary,0,no,no,2,6,success,0
32,tertiary,347,yes,no,1,6,failure,0
36,tertiary,860,yes,no,15,0,unknown,0
54,secondary,89,yes,no,3,0,unknown,0
31,secondary,0,yes,yes,1,9,other,0
45,secondary,0,no,yes,7,0,unknown,0
31,secondary,68,yes,no,2,0,unknown,0
45,secondary,-149,yes,no,2,0,unknown,0
33,secondary,2411,yes,no,1,1,failure,1
46,tertiary,225,yes,no,1,1,other,0
43,tertiary,2731,no,no,7,0,unknown,0
50,tertiary,112,yes,no,5,5,other,0
44,tertiary,0,no,no,2,0,unknown,0
42,secondary,3620,yes,no,16,0,unknown,0
26,secondary,179,no,no,3,0,unknown,0
47,secondary,1544,yes,no,1,1,failure,0
48,primary,199,no,no,2,0,unknown,0
60,unknown,231,yes,no,2,0,unknown,0
27,secondary,76,yes,no,1,0,unknown,0
30,tertiary,302,no,no,3,0,unknown,1
28,secondary,189,yes,no,2,0,unknown,0
58,primary,565,no,no,1,0,unknown,1
37,tertiary,310,no,no,1,0,unknown,0
36,secondary,1746,yes,no,1,0,unknown,0
39,secondary,6,yes,no,3,4,failure,0
52,primary,-110,no,yes,1,0,unknown,0
55,secondary,2749,yes,yes,2,0,unknown,0
30,tertiary,6495,no,no,3,0,unknown,0
36,secondary,35,yes,no,3,0,unknown,0
39,secondary,-650,no,no,2,1,failure,0
47,primary,292,no,yes,3,0,unknown,0
42,primary,5774,yes,no,2,0,unknown,0
42,secondary,2416,yes,no,4,0,unknown,0
58,secondary,35,no,no,7,0,unknown,0
68,secondary,19317,yes,no,1,0,unknown,1
43,secondary,50,no,no,1,0,unknown,0
44,secondary,-674,yes,no,1,0,unknown,0
49,tertiary,3726,no,no,2,0,unknown,1
57,tertiary,1180,yes,yes,2,0,unknown,0
61,tertiary,6610,no,no,2,0,unknown,1
36,secondary,319,yes,no,2,0,unknown,0
31,secondary,1545,yes,yes,1,0,unknown,0
51,tertiary,1315,no,no,2,0,unknown,0
31,tertiary,424,no,no,2,0,unknown,0
56,primary,151,no,no,1,0,unknown,0
30,tertiary,-970,no,yes,2,0,unknown,0
38,secondary,-762,yes,yes,2,0,unknown,0
35,secondary,181,yes,no,3,0,unknown,0
31,unknown,-120,yes,no,2,0,unknown,0
39,secondary,1022,yes,no,3,0,unknown,0
50,tertiary,78,yes,no,3,9,other,0
39,tertiary,209,no,no,2,0,unknown,0
26,secondary,2469,no,no,8,0,unknown,0
55,secondary,0,no,no,1,0,unknown,0
43,primary,328,no,yes,1,0,unknown,0
34,tertiary,0,no,no,1,1,failure,0
51,primary,307,yes,yes,2,0,unknown,0
31,tertiary,1384,yes,no,2,3,other,0
32,tertiary,0,no,no,9,0,unknown,0
53,secondary,719,yes,no,1,0,unknown,0
44,tertiary,0,no,no,1,0,unknown,0
38,tertiary,6704,yes,no,2,0,unknown,0
47,tertiary,4543,yes,no,1,0,unknown,0
36,tertiary,0,yes,no,2,0,unknown,0
30,tertiary,149,yes,no,2,0,unknown,0
46,secondary,-1400,yes,no,3,4,failure,0
33,secondary,-118,yes,yes,3,0,unknown,0
43,secondary,2160,no,no,1,1,success,1
38,tertiary,3452,no,no,2,0,unknown,0
27,secondary,842,no,no,1,1,other,0
38,unknown,3576,no,no,2,1,success,1
41,tertiary,1666,no,no,3,0,unknown,0
29,secondary,0,yes,no,6,0,unknown,0
39,secondary,0,yes,no,2,0,unknown,0
42,primary,1628,yes,no,1,8,success,0
47,secondary,51,yes,yes,1,0,unknown,0
30,secondary,447,no,no,6,0,unknown,0
34,secondary,396,yes,no,3,0,unknown,0
45,primary,4994,no,no,1,0,unknown,0
43,secondary,3215,yes,no,3,0,unknown,0
59,primary,2814,no,no,3,0,unknown,0
50,secondary,0,no,no,2,0,unknown,0
39,secondary,293,yes,no,3,0,unknown,0
36,secondary,474,yes,no,1,0,unknown,0
44,secondary,16178,yes,no,1,0,unknown,0
36,tertiary,0,no,no,2,0,unknown,0
27,tertiary,88,no,no,1,0,unknown,0
29,secondary,308,yes,no,1,0,unknown,0
70,secondary,1164,no,no,3,2,failure,0
44,tertiary,13893,no,no,2,0,unknown,0
55,tertiary,0,yes,no,2,0,unknown,0
36,secondary,-435,yes,no,8,0,unknown,0
28,secondary,389,yes,no,7,0,unknown,0
50,tertiary,356,no,no,2,5,other,0
49,secondary,2718,no,no,2,0,unknown,0
71,tertiary,261,no,no,2,0,unknown,0
31,secondary,757,no,no,2,0,unknown,0
45,tertiary,16,no,no,2,0,unknown,0
42,secondary,-422,no,no,1,0,unknown,0
45,secondary,248,no,no,2,0,unknown,0
47,primary,145,yes,no,6,0,unknown,0
60,secondary,598,no,yes,1,0,unknown,0
35,tertiary,949,yes,no,2,0,unknown,0
31,tertiary,614,no,no,4,0,unknown,0
33,primary,1209,yes,no,1,0,unknown,0
50,tertiary,202,yes,no,1,4,failure,0
51,secondary,1840,yes,no,3,0,unknown,0
34,secondary,114,yes,yes,1,3,other,0
56,secondary,-229,no,yes,10,0,unknown,0
29,secondary,182,yes,no,3,0,unknown,0
31,secondary,401,no,no,3,0,unknown,0
44,unknown,759,yes,no,1,0,unknown,0
55,secondary,4194,no,yes,3,0,unknown,0
35,unknown,0,no,no,3,0,unknown,0
36,tertiary,629,yes,yes,1,1,failure,0
54,secondary,153,yes,yes,1,0,unknown,0
32,tertiary,553,yes,no,1,0,unknown,0
36,tertiary,1057,no,no,2,0,unknown,0
60,secondary,78,yes,no,3,0,unknown,0
32,secondary,-28,no,yes,1,0,unknown,0
57,tertiary,929,no,no,8,0,unknown,0
34,primary,428,yes,no,2,0,unknown,0
27,secondary,268,yes,no,1,2,failure,0
52,tertiary,83,no,no,6,0,unknown,1
45,unknown,998,yes,no,2,0,unknown,0
58,secondary,2223,no,no,2,1,success,0
39,primary,6,yes,no,2,0,unknown,0
48,secondary,312,yes,yes,2,0,unknown,0
36,secondary,0,no,no,5,0,unknown,0
31,secondary,691,yes,no,1,0,unknown,0
41,tertiary,771,yes,no,8,0,unknown,0
30,secondary,192,no,no,1,0,unknown,0
57,tertiary,0,no,no,4,0,unknown,0
29,secondary,1070,yes,no,1,1,other,1
29,secondary,84,yes,no,2,0,unknown,1
30,tertiary,2,no,no,1,1,failure,0
44,tertiary,1242,yes,no,6,0,unknown,0
33,unknown,5969,no,no,2,8,failure,0
56,secondary,3337,yes,no,3,0,unknown,0
26,secondary,1347,no,no,6,5,other,1
52,secondary,64,no,no,2,0,unknown,0
32,secondary,249,yes,no,1,0,unknown,0
36,secondary,0,no,no,6,0,unknown,0
26,secondary,128,no,no,1,0,unknown,0
37,secondary,196,yes,no,3,0,unknown,0
34,secondary,351,yes,no,1,0,unknown,0
26,secondary,5533,yes,no,2,4,failure,0
32,secondary,38,yes,no,1,0,unknown,1
30,tertiary,35,no,no,4,0,unknown,0
27,secondary,235,yes,no,5,0,unknown,0
42,secondary,30,yes,no,1,3,failure,0
33,primary,92,yes,no,1,0,unknown,0
37,secondary,67,no,no,2,0,unknown,0
45,secondary,4022,yes,no,3,0,unknown,0
36,tertiary,3057,no,no,4,0,unknown,1
39,tertiary,0,yes,no,4,3,failure,0
33,tertiary,349,no,no,1,0,unknown,0
47,secondary,2322,no,no,1,0,unknown,0
49,secondary,167,yes,yes,3,0,unknown,0
46,secondary,558,no,no,6,0,unknown,0
31,secondary,-230,yes,yes,1,0,unknown,0
43,secondary,4094,yes,no,1,0,unknown,0
30,secondary,239,yes,no,1,0,unknown,1
43,tertiary,497,no,no,1,22,failure,0
42,secondary,179,yes,no,1,0,unknown,0
30,tertiary,305,no,no,1,2,success,1
33,tertiary,-67,yes,no,1,0,unknown,0
41,secondary,4539,no,no,3,0,unknown,0
29,secondary,770,yes,no,1,0,unknown,0
38,secondary,-673,yes,no,1,0,unknown,0
29,tertiary,858,yes,no,7,1,failure,0
80,primary,0,no,no,1,1,failure,1
38,tertiary,5244,no,no,4,0,unknown,0
36,primary,117,yes,no,4,0,unknown,0
38,tertiary,846,no,no,1,0,unknown,0
44,secondary,0,yes,no,2,0,unknown,0
31,tertiary,1331,no,no,1,3,success,1
31,secondary,31,yes,yes,2,0,unknown,0
57,primary,179,yes,no,1,2,failure,0
37,primary,543,yes,no,1,0,unknown,0
50,secondary,253,yes,yes,2,0,unknown,0
60,primary,71188,no,no,1,0,unknown,0
51,tertiary,5108,yes,no,1,8,other,0
48,secondary,1738,yes,no,1,0,unknown,0
42,primary,-97,yes,no,4,5,failure,0
36,secondary,199,yes,no,1,0,unknown,0
43,tertiary,489,yes,no,1,2,other,0
31,primary,355,yes,yes,6,0,unknown,0
49,secondary,-97,yes,no,2,0,unknown,0
35,tertiary,473,no,yes,2,0,unknown,0
44,secondary,6649,yes,no,2,0,unknown,0
34,tertiary,263,no,no,1,8,other,0
46,secondary,781,no,no,1,0,unknown,0
49,primary,1032,yes,no,5,0,unknown,0
32,secondary,119,no,no,5,0,unknown,0
35,tertiary,434,yes,no,1,2,success,0
51,secondary,2967,no,no,2,0,unknown,0
57,secondary,-331,yes,no,1,0,unknown,0
59,tertiary,1585,no,no,5,0,unknown,0
40,unknown,4384,yes,no,1,0,unknown,0
49,tertiary,588,no,no,9,0,unknown,0
51,secondary,3180,yes,no,1,0,unknown,0
35,secondary,0,no,yes,3,0,unknown,0
29,secondary,-76,yes,no,2,0,unknown,0
32,secondary,152,yes,no,2,0,unknown,1
37,secondary,1040,yes,no,1,2,failure,0
49,primary,-384,yes,no,1,0,unknown,0
45,unknown,473,yes,no,1,0,unknown,0
34,secondary,475,yes,no,8,0,unknown,0
53,secondary,0,no,no,9,0,unknown,0
42,primary,149,no,no,2,0,unknown,0
43,secondary,3285,yes,no,2,0,unknown,1
52,secondary,424,no,no,1,3,failure,0
34,secondary,79,no,yes,1,0,unknown,0
34,tertiary,674,yes,no,2,0,unknown,1
27,secondary,0,yes,no,13,0,unknown,1
43,tertiary,58,yes,no,4,0,unknown,0
41,tertiary,532,yes,no,1,0,unknown,0
72,secondary,4130,no,no,1,0,unknown,0
35,primary,422,yes,no,1,0,unknown,0
41,tertiary,437,yes,no,21,0,unknown,0
36,primary,-308,yes,no,1,0,unknown,1
51,primary,30,yes,no,2,0,unknown,0
37,tertiary,137,no,no,6,0,unknown,0
42,secondary,-247,yes,yes,1,1,other,1
26,secondary,321,yes,no,7,0,unknown,0
23,secondary,250,yes,no,1,0,unknown,0
50,tertiary,-470,yes,no,2,1,failure,0
37,secondary,140,yes,yes,1,0,unknown,0
35,tertiary,2793,no,no,2,0,unknown,0
37,tertiary,410,no,no,2,0,unknown,0
79,unknown,2628,no,no,7,2,failure,0
39,secondary,116,no,no,2,2,success,0
47,secondary,0,yes,no,1,0,unknown,0
44,secondary,878,yes,no,1,0,unknown,0
36,tertiary,2944,no,no,8,0,unknown,1
33,secondary,3975,yes,yes,1,1,other,0
42,secondary,96,yes,no,3,2,failure,0
35,tertiary,2288,no,no,2,0,unknown,0
31,secondary,472,yes,no,2,0,unknown,0
58,primary,65,no,no,1,0,unknown,0
46,tertiary,0,no,no,2,0,unknown,0
41,secondary,400,yes,no,6,0,unknown,0
58,secondary,7495,yes,no,1,0,unknown,0
33,secondary,137,no,yes,12,0,unknown,0
31,secondary,24,yes,no,1,0,unknown,0
55,secondary,3450,no,no,1,1,failure,1
38,secondary,311,yes,no,2,0,unknown,0
55,secondary,139,no,no,2,0,unknown,0
47,tertiary,0,no,no,3,0,unknown,0
51,primary,492,yes,no,3,0,unknown,0
46,tertiary,334,yes,no,6,2,other,0
61,tertiary,997,no,no,1,0,unknown,1
47,tertiary,440,no,no,4,0,unknown,0
34,secondary,47,no,no,6,0,unknown,0
34,secondary,1298,yes,no,1,0,unknown,0
41,tertiary,3355,no,no,2,1,failure,0
36,secondary,-11,no,no,2,0,unknown,0
26,secondary,396,yes,no,1,0,unknown,0
35,tertiary,8,no,no,3,0,unknown,1
36,secondary,1409,no,no,2,0,unknown,0
26,tertiary,170,no,no,1,0,unknown,1
58,primary,2769,yes,no,2,0,unknown,0
50,secondary,2320,yes,no,1,0,unknown,0
61,secondary,76,yes,no,7,0,unknown,0
28,secondary,2034,yes,no,1,0,unknown,0
49,primary,3018,yes,no,1,0,unknown,0
74,secondary,921,no,no,2,0,unknown,1
53,secondary,483,yes,no,3,0,unknown,0
46,secondary,390,yes,no,2,0,unknown,0
47,tertiary,0,no,no,1,0,unknown,1
42,primary,92,no,no,2,0,unknown,0
56,secondary,22196,yes,no,1,0,unknown,0
42,secondary,2,no,no,2,0,unknown,0
49,primary,249,yes,no,1,0,unknown,0
43,unknown,3274,yes,no,1,1,failure,0
39,secondary,5731,yes,no,2,0,unknown,0
66,primary,206,no,no,1,0,unknown,1
30,tertiary,2325,no,no,3,4,other,0
38,tertiary,0,no,no,1,0,unknown,0
31,secondary,1664,yes,no,1,1,success,0
32,secondary,3333,no,no,4,0,unknown,0
48,secondary,7020,no,no,2,0,unknown,0
34,tertiary,37,no,no,1,0,unknown,0
28,secondary,28,no,no,2,0,unknown,0
40,secondary,1670,yes,no,2,0,unknown,0
36,secondary,134,no,no,1,0,unknown,0
52,secondary,603,no,yes,1,0,unknown,0
46,primary,276,yes,yes,2,0,unknown,0
25,secondary,2157,yes,no,1,0,unknown,0
52,secondary,161,yes,no,2,0,unknown,0
40,primary,3658,yes,no,1,0,unknown,0
26,tertiary,-402,no,yes,2,0,unknown,0
26,primary,3342,yes,no,4,0,unknown,0
35,secondary,1732,no,no,3,0,unknown,0
40,secondary,263,yes,no,1,0,unknown,0
31,tertiary,623,yes,no,2,5,failure,0
32,secondary,3540,yes,no,1,1,failure,0
33,secondary,95,yes,no,1,0,unknown,1
53,secondary,765,yes,no,3,7,other,1
46,secondary,-824,yes,no,3,0,unknown,1
28,tertiary,5549,no,no,6,0,unknown,0
31,secondary,191,yes,no,1,0,unknown,0
44,primary,420,yes,no,2,0,unknown,0
35,secondary,0,no,no,1,0,unknown,0
50,unknown,2706,yes,no,3,0,unknown,0
32,secondary,4,yes,yes,8,0,unknown,0
51,secondary,423,yes,yes,1,0,unknown,0
51,tertiary,-892,yes,yes,2,0,unknown,0
31,unknown,-120,yes,no,3,2,failure,0
41,secondary,-365,yes,no,10,0,unknown,0
57,tertiary,27069,no,yes,3,0,unknown,0
34,tertiary,8038,yes,no,3,1,failure,0
47,secondary,-938,yes,no,2,0,unknown,0
47,secondary,1139,yes,no,2,0,unknown,0
36,secondary,189,yes,no,1,1,failure,0
29,tertiary,19,no,no,2,2,success,1
39,secondary,3663,no,no,3,0,unknown,0
53,unknown,0,no,no,7,0,unknown,0
47,secondary,-614,yes,no,2,0,unknown,0
51,secondary,2323,yes,yes,10,0,unknown,0
48,secondary,425,yes,no,2,0,unknown,0
32,secondary,5122,no,no,1,0,unknown,0
36,tertiary,608,no,no,2,0,unknown,0
50,primary,341,yes,yes,4,2,success,1
39,secondary,607,yes,no,2,3,failure,1
31,secondary,1495,yes,yes,3,0,unknown,0
49,secondary,381,no,no,2,0,unknown,0
33,secondary,385,no,no,28,0,unknown,0
26,tertiary,1274,yes,no,1,1,failure,0
27,secondary,362,yes,no,2,0,unknown,0
51,primary,377,yes,no,4,1,failure,0
26,secondary,802,no,no,1,2,other,0
45,secondary,194,no,no,4,0,unknown,0
54,secondary,-315,no,yes,1,0,unknown,1
49,tertiary,1843,yes,no,1,0,unknown,0
47,secondary,-9,no,no,2,0,unknown,0
42,primary,83,no,yes,1,0,unknown,0
50,tertiary,433,yes,no,4,0,unknown,0
37,secondary,-107,yes,no,2,0,unknown,0
54,primary,4503,no,no,3,0,unknown,0
40,secondary,51,yes,no,1,0,unknown,0
50,secondary,961,no,yes,4,0,unknown,0
57,secondary,49,yes,yes,4,0,unknown,0
33,secondary,3470,no,no,2,0,unknown,0
49,secondary,-147,yes,no,1,0,unknown,0
35,secondary,0,yes,no,2,0,unknown,0
28,secondary,0,yes,no,1,0,unknown,0
58,tertiary,172,no,no,7,0,unknown,0
31,secondary,-407,no,yes,1,0,unknown,0
36,tertiary,649,no,no,2,1,failure,0
49,primary,1040,no,no,2,0,unknown,0
30,secondary,142,yes,no,4,0,unknown,0
29,secondary,209,yes,no,7,0,unknown,0
50,unknown,3304,no,no,2,0,unknown,0
26,tertiary,294,no,no,1,2,success,1
27,secondary,4848,yes,yes,3,0,unknown,0
32,secondary,1670,yes,no,1,0,unknown,0
62,secondary,367,no,no,5,0,unknown,0
34,secondary,13683,yes,no,3,0,unknown,0
25,tertiary,1420,no,no,2,0,unknown,0
34,tertiary,340,yes,no,28,0,unknown,0
44,secondary,1679,no,no,1,0,unknown,1
38,tertiary,1198,yes,no,1,0,unknown,0
57,secondary,169,no,no,1,2,failure,0
36,tertiary,506,no,no,1,1,failure,0
41,secondary,1249,yes,no,1,0,unknown,0
36,tertiary,678,no,yes,3,0,unknown,0
27,tertiary,212,yes,no,1,0,unknown,0
37,secondary,23,no,no,2,0,unknown,0
47,tertiary,4402,no,no,1,1,other,1
31,primary,459,yes,no,1,1,success,1
39,secondary,4722,yes,no,1,0,unknown,0
35,tertiary,1555,yes,no,2,0,unknown,0
40,secondary,61,yes,no,3,0,unknown,0
38,tertiary,0,yes,no,2,0,unknown,0
31,secondary,3706,yes,no,1,0,unknown,0
36,primary,1177,no,no,1,4,success,1
53,primary,2096,no,no,1,0,unknown,0
59,primary,748,no,no,1,0,unknown,0
29,tertiary,3357,no,no,3,0,unknown,0
30,secondary,3809,yes,no,4,0,unknown,0
52,secondary,395,yes,no,3,0,unknown,0
55,secondary,1011,yes,no,2,0,unknown,0
56,primary,420,yes,no,1,0,unknown,0
32,secondary,76,yes,no,2,0,unknown,0
24,secondary,0,no,no,1,0,unknown,0
51,primary,844,yes,no,3,0,unknown,0
36,tertiary,1318,yes,no,2,0,unknown,0
36,tertiary,167,yes,no,1,0,unknown,0
42,tertiary,2187,yes,no,3,0,unknown,1
49,secondary,14440,yes,no,1,0,unknown,0
48,secondary,2294,yes,no,11,0,unknown,0
36,secondary,80,yes,no,3,0,unknown,0
48,primary,2537,no,no,6,0,unknown,0
30,tertiary,569,no,no,12,0,unknown,1
27,tertiary,0,no,yes,1,0,unknown,0
38,tertiary,0,yes,no,3,0,unknown,0
36,secondary,12,no,no,2,0,unknown,1
45,secondary,49,no,no,2,0,unknown,0
44,tertiary,460,no,no,1,0,unknown,0
42,secondary,613,yes,no,2,0,unknown,0
37,tertiary,7944,no,no,1,0,unknown,0
48,secondary,1143,yes,no,1,1,failure,0
57,primary,-464,yes,no,1,6,failure,0
44,secondary,1989,yes,yes,2,0,unknown,0
48,secondary,17,yes,yes,1,0,unknown,0
56,primary,-1,no,no,23,0,unknown,0
37,tertiary,1698,yes,no,2,0,unknown,0
47,secondary,5306,yes,no,1,0,unknown,0
54,unknown,0,no,no,5,3,other,0
51,secondary,1679,no,no,1,9,other,1
47,secondary,3676,no,no,1,3,success,1
25,tertiary,-242,yes,yes,4,4,other,1
39,secondary,471,no,no,1,0,unknown,0
40,tertiary,8902,yes,no,5,0,unknown,0
38,tertiary,1704,no,no,1,0,unknown,0
34,tertiary,3050,yes,no,1,0,unknown,1
53,primary,2581,no,no,1,0,unknown,0
32,secondary,162,yes,no,2,0,unknown,0
35,secondary,243,yes,no,3,0,unknown,0
24,secondary,1847,no,no,1,0,unknown,0
58,primary,0,yes,no,2,0,unknown,0
49,primary,3371,no,no,2,0,unknown,1
45,secondary,1757,yes,no,3,1,other,0
55,tertiary,171,yes,no,6,0,unknown,0
42,tertiary,157,yes,yes,1,0,unknown,0
28,secondary,934,yes,no,2,0,unknown,0
48,secondary,-19,no,yes,1,0,unknown,0
51,tertiary,-55,yes,no,6,0,unknown,0
38,primary,21,no,no,2,0,unknown,0
27,secondary,14,no,no,2,0,unknown,0
50,secondary,246,yes,no,1,2,failure,0
44,primary,887,yes,no,2,1,failure,0
40,tertiary,51,no,no,2,0,unknown,0
29,secondary,-287,yes,no,1,0,unknown,0
34,secondary,0,yes,no,4,0,unknown,0
44,tertiary,2734,yes,no,4,0,unknown,1
50,tertiary,52,no,no,8,0,unknown,0
34,tertiary,2594,yes,no,3,0,unknown,0
54,primary,22,no,no,4,0,unknown,0
34,tertiary,1611,yes,no,2,0,unknown,0
34,tertiary,18,yes,yes,1,0,unknown,1
52,primary,1331,yes,no,2,0,unknown,0
60,unknown,7337,no,no,1,0,unknown,0
39,secondary,835,yes,no,4,0,unknown,0
58,primary,5092,no,no,6,0,unknown,0
41,secondary,52,no,no,2,0,unknown,0
48,secondary,10655,no,no,3,0,unknown,0
58,tertiary,1831,no,no,1,0,unknown,0
40,primary,92,yes,no,1,0,unknown,0
48,tertiary,586,yes,yes,2,0,unknown,0
52,primary,1758,yes,no,1,0,unknown,0
50,secondary,2061,yes,yes,2,3,failure,0
25,secondary,959,no,no,5,0,unknown,0
54,primary,208,no,no,1,0,unknown,0
34,secondary,-315,yes,no,2,0,unknown,0
48,tertiary,-13,yes,no,6,2,other,0
37,tertiary,801,no,no,7,0,unknown,0
66,tertiary,1948,no,no,1,4,success,1
32,tertiary,751,yes,no,1,0,unknown,0
45,secondary,784,yes,yes,1,0,unknown,0
43,secondary,24,no,no,1,1,failure,0
41,tertiary,72,yes,no,3,0,unknown,0
40,tertiary,1871,yes,no,1,0,unknown,0
44,secondary,1378,yes,no,2,0,unknown,0
43,primary,188,yes,no,3,5,failure,0
30,tertiary,6836,no,no,3,0,unknown,0
32,secondary,61,yes,no,5,0,unknown,0
57,secondary,-967,yes,no,7,0,unknown,0
31,tertiary,462,yes,yes,1,0,unknown,0
49,secondary,0,no,no,2,0,unknown,0
31,secondary,5527,yes,no,1,0,unknown,0
41,tertiary,1287,no,no,1,0,unknown,0
44,tertiary,17361,no,no,1,0,unknown,0
54,unknown,1956,no,no,5,0,unknown,0
37,secondary,0,yes,no,4,0,unknown,1
34,secondary,-294,yes,no,2,0,unknown,0
43,secondary,275,no,no,6,0,unknown,0
44,tertiary,724,yes,no,2,1,failure,0
44,secondary,27,no,no,1,0,unknown,0
53,secondary,26,yes,no,1,1,failure,0
36,secondary,191,no,no,1,0,unknown,0
58,secondary,-123,no,no,2,0,unknown,0
26,secondary,-147,no,no,2,0,unknown,0
34,secondary,179,no,no,3,0,unknown,0
55,primary,1086,yes,no,1,2,failure,0
55,secondary,471,yes,no,2,0,unknown,0
34,tertiary,105,yes,no,2,0,unknown,0
41,secondary,1588,yes,yes,8,0,unknown,0
38,secondary,70,no,no,3,1,success,1
28,secondary,2700,no,no,4,0,unknown,0
41,secondary,1602,yes,no,1,0,unknown,0
30,tertiary,0,yes,no,2,0,unknown,0
39,unknown,839,no,no,2,0,unknown,0
41,secondary,21515,yes,no,1,0,unknown,0
36,secondary,5902,yes,no,4,0,unknown,0
37,tertiary,547,yes,yes,1,0,unknown,0
59,tertiary,3800,no,yes,1,0,unknown,0
26,secondary,261,yes,no,2,0,unknown,0
43,secondary,0,yes,yes,8,5,failure,0
42,secondary,-34,no,no,1,0,unknown,0
46,unknown,9328,yes,no,3,0,unknown,1
31,secondary,5,yes,yes,7,0,unknown,0
43,secondary,3529,no,no,2,0,unknown,0
48,tertiary,2330,yes,no,1,0,unknown,0
41,secondary,1334,yes,no,5,0,unknown,0
32,tertiary,3601,no,no,15,0,unknown,0
45,tertiary,265,no,no,3,0,unknown,0
52,unknown,2227,no,no,2,0,unknown,1
37,secondary,487,no,yes,15,0,unknown,0
38,secondary,0,yes,no,1,1,failure,0
36,secondary,174,yes,no,2,0,unknown,0
58,secondary,14412,no,no,1,0,unknown,0
37,tertiary,3288,no,no,2,0,unknown,0
30,secondary,57,no,no,2,0,unknown,0
47,secondary,2246,yes,no,1,0,unknown,0
40,secondary,4441,yes,no,2,2,failure,0
42,tertiary,0,no,no,2,0,unknown,0
71,tertiary,353,no,no,1,2,failure,0
54,secondary,448,yes,yes,1,0,unknown,0
53,primary,27,yes,no,3,0,unknown,1
33,secondary,474,no,no,2,0,unknown,0
30,tertiary,1185,yes,no,1,1,failure,0
39,secondary,282,yes,no,1,0,unknown,0
32,secondary,2,yes,no,9,1,failure,0
34,secondary,60,no,no,2,0,unknown,0
39,tertiary,3972,no,no,3,0,unknown,0
75,secondary,26452,no,no,2,0,unknown,0
33,secondary,818,yes,yes,3,0,unknown,0
40,secondary,9374,yes,no,8,1,failure,0
37,unknown,47,no,no,3,0,unknown,0
69,primary,279,no,no,1,0,unknown,0
52,primary,20,yes,no,1,0,unknown,0
31,secondary,360,no,no,1,2,other,0
28,secondary,1532,no,no,1,5,failure,0
29,tertiary,1673,no,no,2,3,other,0
46,secondary,2420,no,no,2,0,unknown,0
28,secondary,100,yes,yes,2,0,unknown,0
41,secondary,0,no,no,1,0,unknown,0
42,secondary,1533,no,yes,1,0,unknown,0
34,secondary,296,no,no,4,0,unknown,0
28,secondary,2788,yes,no,2,0,unknown,1
43,secondary,109,yes,no,3,0,unknown,0
32,secondary,485,no,no,14,0,unknown,0
33,tertiary,125,no,no,2,0,unknown,0
70,secondary,616,no,no,2,1,failure,0
36,secondary,3064,yes,no,3,4,failure,0
53,secondary,206,no,no,6,0,unknown,0
30,secondary,6900,no,no,1,0,unknown,0
45,secondary,-179,no,no,2,0,unknown,0
31,secondary,481,yes,no,2,2,failure,0
28,secondary,12,yes,no,3,3,other,0
45,primary,0,no,no,5,0,unknown,0
51,tertiary,176,yes,yes,1,2,failure,0
53,primary,4086,no,no,3,0,unknown,0
40,secondary,257,yes,no,4,0,unknown,0
53,primary,53,yes,no,1,1,failure,0
31,secondary,6,yes,no,1,0,unknown,0
30,tertiary,562,no,no,4,0,unknown,0
53,secondary,-118,yes,no,3,0,unknown,0
40,primary,2805,yes,no,6,23,failure,0
26,secondary,565,yes,no,11,0,unknown,0
47,secondary,0,yes,no,1,0,unknown,0
51,tertiary,1612,no,no,1,5,failure,0
45,primary,180,yes,yes,2,0,unknown,0
35,tertiary,0,yes,no,3,0,unknown,0
36,tertiary,876,yes,no,2,0,unknown,0
57,secondary,2137,no,no,7,0,unknown,0
42,primary,260,yes,no,2,0,unknown,0
32,secondary,-53,yes,no,1,1,other,1
30,tertiary,944,no,no,2,0,unknown,1
36,secondary,2394,no,no,2,0,unknown,0
43,secondary,297,yes,no,3,0,unknown,0
69,tertiary,2144,no,no,1,4,success,1
31,tertiary,969,no,no,1,0,unknown,0
35,secondary,0,no,no,2,0,unknown,0
26,tertiary,37,yes,yes,1,2,failure,0
46,secondary,410,no,yes,5,0,unknown,0
30,secondary,1211,yes,no,1,0,unknown,0
33,tertiary,71,no,no,6,0,unknown,0
34,tertiary,436,yes,no,1,1,failure,0
48,primary,559,yes,no,2,0,unknown,0
31,tertiary,1170,no,no,4,0,unknown,0
46,tertiary,25,no,no,2,0,unknown,0
40,secondary,1325,no,no,2,0,unknown,0
39,secondary,0,no,no,7,0,unknown,0
33,secondary,647,yes,yes,1,1,other,0
50,primary,2142,yes,no,2,1,other,0
84,primary,639,no,no,3,0,unknown,1
40,primary,177,yes,yes,4,0,unknown,0
55,tertiary,236,no,no,1,0,unknown,0
40,secondary,1959,yes,no,1,0,unknown,0
46,primary,96,no,no,2,0,unknown,0
43,tertiary,0,no,no,1,0,unknown,0
34,secondary,250,yes,no,6,0,unknown,0
35,secondary,126,no,no,2,0,unknown,0
57,unknown,1621,yes,no,1,0,unknown,0
25,secondary,8,no,no,2,0,unknown,1
32,tertiary,189,yes,no,2,0,unknown,0
52,secondary,316,no,no,3,0,unknown,0
31,tertiary,-282,yes,no,3,0,unknown,0
34,tertiary,-308,yes,no,2,0,unknown,0
42,secondary,248,no,no,4,0,unknown,0
47,primary,126,yes,no,2,0,unknown,1
50,tertiary,13,yes,no,1,0,unknown,1
30,secondary,-393,yes,yes,1,0,unknown,1
33,secondary,358,yes,no,1,3,failure,0
56,tertiary,917,no,no,1,0,unknown,0
34,secondary,1268,yes,no,3,0,unknown,0
33,secondary,-163,yes,yes,2,0,unknown,0
32,tertiary,473,yes,no,2,1,other,0
34,tertiary,4831,yes,no,1,0,unknown,0
37,secondary,1063,yes,no,2,0,unknown,0
30,secondary,0,yes,no,3,0,unknown,0
29,secondary,424,yes,yes,2,0,unknown,0
56,primary,802,no,no,2,0,unknown,0
31,tertiary,430,yes,no,16,0,unknown,0
59,unknown,3940,no,no,2,0,unknown,0
36,secondary,2880,no,no,1,0,unknown,0
51,secondary,1069,yes,no,2,0,unknown,0
54,primary,4382,yes,no,4,0,unknown,0
37,tertiary,0,no,no,4,2,failure,0
32,tertiary,3939,no,no,2,0,unknown,0
42,tertiary,753,no,no,1,0,unknown,0
29,secondary,358,no,no,5,0,unknown,0
52,primary,1141,yes,no,5,0,unknown,0
40,secondary,1259,no,no,5,0,unknown,0
30,secondary,227,no,yes,1,0,unknown,0
55,secondary,538,yes,no,2,0,unknown,1
49,tertiary,92,yes,no,2,0,unknown,0
33,tertiary,8023,no,no,1,4,failure,0
32,secondary,2478,no,yes,1,0,unknown,0
21,secondary,6844,no,no,3,7,other,0
42,secondary,440,yes,no,5,0,unknown,0
56,secondary,800,no,yes,1,0,unknown,0
39,secondary,914,no,no,1,0,unknown,0
30,secondary,638,no,no,6,0,unknown,0
55,secondary,159,no,no,1,0,unknown,0
43,primary,483,yes,no,3,0,unknown,0
53,secondary,94,no,no,1,14,success,1
57,secondary,1044,no,no,1,2,success,1
39,unknown,0,no,no,11,0,unknown,0
56,tertiary,401,yes,no,1,0,unknown,0
29,unknown,33,no,no,1,0,unknown,0
38,primary,506,yes,yes,1,0,unknown,0
59,tertiary,1881,no,no,2,0,unknown,0
42,unknown,344,yes,no,7,0,unknown,0
46,primary,0,yes,no,9,0,unknown,0
31,secondary,3,yes,no,12,0,unknown,0
35,secondary,221,yes,no,1,1,failure,0
50,secondary,36,no,no,10,0,unknown,0
42,primary,969,yes,no,1,0,unknown,0
36,secondary,760,no,no,13,0,unknown,0
25,tertiary,220,no,no,1,0,unknown,0
42,tertiary,10907,no,no,3,0,unknown,0
27,tertiary,-148,yes,no,3,1,other,0
32,primary,415,yes,no,4,0,unknown,1
57,tertiary,1341,yes,no,2,0,unknown,0
48,secondary,865,yes,no,2,0,unknown,0
34,secondary,-566,yes,no,2,0,unknown,0
33,secondary,210,yes,yes,1,0,unknown,0
26,secondary,1275,yes,no,9,0,unknown,0
50,secondary,579,no,no,4,0,unknown,0
60,tertiary,2934,no,no,2,0,unknown,0
47,tertiary,6637,yes,no,2,0,unknown,0
31,tertiary,271,no,no,1,0,unknown,0
52,tertiary,0,no,no,3,4,success,0
36,secondary,472,yes,no,1,0,unknown,0
43,primary,487,yes,no,2,0,unknown,0
30,tertiary,699,yes,no,4,0,unknown,0
32,secondary,150,no,no,1,0,unknown,0
31,tertiary,1130,yes,no,3,4,failure,0
29,secondary,584,yes,no,19,0,unknown,0
48,secondary,3186,no,yes,1,0,unknown,0
32,secondary,133,no,no,1,0,unknown,1
30,tertiary,868,no,no,2,0,unknown,0
48,secondary,480,yes,no,1,2,failure,1
51,unknown,1883,yes,no,1,0,unknown,0
34,tertiary,606,no,no,1,0,unknown,1
35,secondary,603,yes,no,2,0,unknown,0
49,primary,548,no,no,6,0,unknown,0
36,secondary,-872,yes,yes,1,1,failure,0
37,secondary,33,yes,no,2,1,failure,0
37,tertiary,1689,yes,no,2,0,unknown,0
49,primary,902,no,no,2,0,unknown,0
44,secondary,0,yes,yes,1,0,unknown,0
40,secondary,260,no,no,1,6,failure,0
57,secondary,589,yes,no,1,4,failure,0
39,secondary,626,yes,no,2,0,unknown,0
38,secondary,0,no,yes,6,0,unknown,0
51,secondary,78,yes,no,2,0,unknown,0
27,secondary,3792,no,no,2,0,unknown,1
38,tertiary,14058,no,no,20,0,unknown,0
30,secondary,-522,yes,yes,2,6,failure,1
36,unknown,386,no,no,2,0,unknown,0
37,secondary,1978,no,no,1,1,success,1
53,secondary,459,no,no,6,1,success,0
38,tertiary,2812,yes,no,1,0,unknown,1
48,tertiary,5057,no,yes,1,0,unknown,0
26,secondary,-759,yes,no,1,0,unknown,0
33,secondary,-416,yes,no,2,0,unknown,1
47,unknown,2106,yes,no,1,0,unknown,0
45,tertiary,220,yes,no,4,0,unknown,0
32,secondary,0,yes,no,2,0,unknown,0
69,unknown,426,no,no,1,1,success,1
65,unknown,4717,no,no,1,0,unknown,1
37,secondary,395,yes,no,2,0,unknown,0
45,primary,0,yes,no,2,0,unknown,0
36,secondary,-206,yes,no,2,0,unknown,0
62,tertiary,6,yes,no,1,4,success,1
37,tertiary,4039,no,yes,2,0,unknown,0
39,secondary,687,yes,no,1,0,unknown,1
38,secondary,-242,yes,no,3,6,success,1
31,tertiary,582,yes,no,2,0,unknown,0
58,primary,8218,yes,no,10,0,unknown,0
44,tertiary,1424,yes,no,2,0,unknown,0
31,secondary,92,yes,no,1,0,unknown,1
33,secondary,2085,no,no,2,0,unknown,1
36,tertiary,197,no,no,1,0,unknown,1
31,secondary,2305,no,no,1,0,unknown,0
45,secondary,-547,yes,no,2,0,unknown,0
30,tertiary,411,no,no,1,0,unknown,0
34,secondary,584,yes,no,2,0,unknown,0
34,tertiary,997,yes,yes,1,0,unknown,0
39,secondary,83,yes,no,6,0,unknown,0
41,tertiary,6563,no,no,8,0,unknown,0
32,secondary,0,yes,no,13,0,unknown,0
32,tertiary,0,no,no,6,0,unknown,0
36,primary,398,yes,no,1,0,unknown,0
35,tertiary,1145,yes,no,2,0,unknown,0
32,tertiary,2,yes,no,2,0,unknown,1
33,tertiary,201,yes,no,1,1,failure,0
49,primary,563,no,no,1,0,unknown,0
35,tertiary,3161,no,no,2,0,unknown,0
31,secondary,0,no,yes,6,0,unknown,0
42,secondary,1331,no,no,2,0,unknown,0
34,primary,2929,no,no,2,0,unknown,1
32,secondary,-220,yes,yes,2,0,unknown,0
29,tertiary,5980,yes,no,1,0,unknown,0
32,secondary,48,yes,no,3,0,unknown,0
50,unknown,0,no,no,8,0,unknown,0
58,secondary,3382,no,yes,2,2,failure,0
59,secondary,2308,no,no,1,1,other,1
25,tertiary,10,yes,no,4,0,unknown,1
57,secondary,162,yes,no,1,0,unknown,0
30,secondary,1073,yes,no,4,0,unknown,0
26,secondary,1700,yes,no,5,0,unknown,0
50,primary,148,yes,no,2,0,unknown,0
39,secondary,0,yes,no,1,0,unknown,0
45,primary,185,yes,no,3,0,unknown,0
37,tertiary,896,no,yes,2,0,unknown,0
47,primary,1279,yes,no,2,0,unknown,0
50,tertiary,199,yes,yes,2,1,failure,0
40,secondary,99,no,no,5,0,unknown,0
35,primary,378,yes,no,3,0,unknown,0
53,tertiary,15,no,no,2,0,unknown,1
35,secondary,147,yes,yes,1,7,failure,0
54,secondary,2225,no,yes,2,0,unknown,0
35,secondary,1810,yes,no,2,0,unknown,0
31,unknown,-6,no,yes,2,0,unknown,0
46,secondary,435,yes,no,3,0,unknown,0
52,secondary,335,no,no,1,1,failure,1
34,secondary,-251,no,no,1,0,unknown,1
46,secondary,5,yes,yes,2,0,unknown,0
54,secondary,641,yes,no,1,2,failure,0
37,tertiary,0,yes,no,1,0,unknown,0
39,tertiary,722,no,no,1,0,unknown,0
50,tertiary,3337,yes,yes,14,0,unknown,0
44,secondary,0,no,no,5,0,unknown,0
56,secondary,1504,yes,no,2,0,unknown,0
40,tertiary,35,no,no,4,3,failure,0
36,secondary,895,yes,yes,1,0,unknown,0
33,tertiary,752,yes,no,4,0,unknown,0
33,secondary,1925,yes,no,2,0,unknown,0
42,secondary,-246,yes,no,1,0,unknown,0
30,tertiary,901,yes,yes,1,0,unknown,0
33,secondary,894,no,no,2,0,unknown,0
26,secondary,592,yes,yes,1,0,unknown,0
26,secondary,3529,no,yes,2,0,unknown,0
37,secondary,0,yes,yes,2,0,unknown,0
59,primary,0,no,no,2,0,unknown,1
49,primary,371,yes,no,44,0,unknown,0
33,primary,1,yes,no,1,0,unknown,0
46,secondary,834,yes,no,2,0,unknown,0
55,primary,298,yes,no,3,0,unknown,0
49,tertiary,306,yes,no,7,0,unknown,0
51,secondary,143,yes,no,1,0,unknown,0
27,secondary,186,yes,no,2,0,unknown,0
44,secondary,5597,no,no,3,0,unknown,0
40,secondary,1547,yes,no,2,1,success,0
36,tertiary,1852,no,no,1,0,unknown,0
46,secondary,1790,yes,no,5,0,unknown,0
30,secondary,20,yes,no,6,1,failure,0
35,secondary,8652,yes,no,6,0,unknown,0
31,secondary,1626,no,no,2,3,failure,0
37,secondary,749,no,no,1,0,unknown,0
49,unknown,51,yes,no,1,0,unknown,0
27,secondary,-1,no,no,2,0,unknown,0
32,secondary,-32,yes,no,1,0,unknown,0
70,secondary,6850,no,no,3,1,failure,0
22,secondary,333,no,yes,1,0,unknown,0
58,secondary,-27,no,yes,13,0,unknown,0
33,secondary,932,yes,no,1,0,unknown,0
83,primary,0,no,no,1,3,success,0
50,tertiary,100,yes,yes,1,3,failure,0
53,secondary,-626,yes,no,1,0,unknown,0
37,tertiary,9,no,no,2,0,unknown,0
55,primary,653,no,no,1,0,unknown,0
49,secondary,3608,yes,no,1,0,unknown,1
41,primary,293,yes,yes,1,0,unknown,0
40,tertiary,36,yes,no,3,0,unknown,0
48,tertiary,263,yes,no,2,0,unknown,0
27,secondary,8366,no,no,2,1,other,0
30,tertiary,2186,yes,no,1,0,unknown,0
37,secondary,20453,yes,no,1,0,unknown,0
37,secondary,105,no,yes,4,0,unknown,0
40,secondary,440,yes,no,2,0,unknown,0
73,unknown,519,no,no,1,1,failure,1
50,tertiary,19447,yes,yes,1,0,unknown,0
53,primary,225,no,no,7,0,unknown,0
47,secondary,2548,yes,no,1,1,other,0
33,secondary,0,no,no,8,0,unknown,0
50,unknown,2284,yes,no,17,0,unknown,1
51,primary,40,yes,no,1,1,failure,0
42,tertiary,364,no,no,1,0,unknown,0
34,secondary,174,no,no,4,0,unknown,0
44,secondary,10888,yes,no,1,0,unknown,0
32,secondary,0,yes,yes,2,2,failure,0
60,tertiary,225,no,no,2,0,unknown,0
60,tertiary,2131,no,no,6,0,unknown,0
29,secondary,-20,no,yes,1,0,unknown,1
39,secondary,36,no,no,2,0,unknown,0
47,primary,2642,no,no,2,0,unknown,0
30,tertiary,400,yes,no,1,0,unknown,0
31,tertiary,1214,no,no,1,0,unknown,0
34,tertiary,-292,yes,no,6,0,unknown,0
51,secondary,1415,yes,no,3,0,unknown,0
38,secondary,213,yes,no,15,0,unknown,0
47,secondary,2540,no,no,5,0,unknown,0
46,tertiary,3232,no,no,2,0,unknown,0
33,tertiary,296,no,no,2,0,unknown,0
30,tertiary,42,no,no,6,0,unknown,0
40,secondary,697,no,no,2,2,other,0
38,secondary,13156,yes,no,4,1,failure,0
63,secondary,1490,no,no,1,0,unknown,1
33,tertiary,150,no,no,2,0,unknown,0
59,secondary,0,no,no,1,0,unknown,1
29,tertiary,4210,yes,no,1,0,unknown,0
54,secondary,1012,yes,no,3,2,other,0
57,secondary,16063,yes,no,3,0,unknown,0
57,primary,5431,yes,yes,1,0,unknown,0
28,secondary,317,yes,no,3,0,unknown,0
30,secondary,4787,yes,no,1,2,failure,0
28,secondary,225,yes,yes,2,0,unknown,0
45,primary,3854,yes,no,3,0,unknown,0
29,secondary,92,yes,no,1,0,unknown,0
42,primary,-10,yes,no,4,0,unknown,0
31,secondary,-617,yes,no,2,0,unknown,0
59,primary,195,no,no,2,0,unknown,0
41,primary,1172,yes,no,1,0,unknown,0
57,secondary,0,no,no,2,0,unknown,0
43,secondary,0,no,no,4,0,unknown,0
30,secondary,-94,yes,no,2,0,unknown,0
26,secondary,609,no,no,1,0,unknown,0
52,tertiary,4,no,yes,9,0,unknown,0
32,secondary,1121,yes,yes,3,0,unknown,0
39,tertiary,355,yes,no,5,0,unknown,0
31,secondary,3653,yes,yes,1,4,failure,0
83,primary,1097,no,no,1,0,unknown,1
34,tertiary,436,no,yes,4,0,unknown,0
40,secondary,4795,yes,no,1,0,unknown,0
39,secondary,266,no,no,2,0,unknown,0
50,secondary,3357,no,no,4,0,unknown,1
30,tertiary,101,yes,yes,3,0,unknown,0
43,secondary,10910,yes,no,2,0,unknown,0
49,secondary,1568,no,no,6,0,unknown,0
41,primary,0,no,no,1,2,failure,0
35,secondary,305,yes,no,7,25,failure,0
57,tertiary,31,no,no,2,0,unknown,0
29,secondary,452,yes,no,1,0,unknown,0
48,secondary,5,yes,no,2,0,unknown,0
38,tertiary,7929,no,no,3,0,unknown,0
41,primary,39,yes,no,2,0,unknown,1
39,primary,267,no,no,5,0,unknown,0
31,tertiary,4945,no,no,1,0,unknown,0
51,secondary,463,yes,no,5,0,unknown,0
35,secondary,2116,yes,no,2,0,unknown,0
45,secondary,59,yes,no,8,0,unknown,1
28,secondary,131,yes,no,5,0,unknown,0
57,secondary,107,no,no,2,0,unknown,0
36,secondary,-35,no,no,3,0,unknown,0
49,primary,230,yes,no,1,0,unknown,0
34,tertiary,2679,yes,no,1,0,unknown,0
65,primary,493,no,no,1,1,failure,0
26,secondary,256,yes,no,2,0,unknown,0
52,primary,-133,no,no,2,0,unknown,0
32,secondary,811,yes,no,1,0,unknown,1
33,tertiary,302,yes,yes,1,0,unknown,0
43,tertiary,3529,yes,no,3,0,unknown,0
26,tertiary,75,yes,yes,1,0,unknown,0
45,secondary,999,yes,no,6,2,failure,0
30,tertiary,7845,yes,no,1,0,unknown,0
37,primary,260,yes,no,2,0,unknown,0
45,tertiary,2048,yes,no,1,1,failure,1
34,tertiary,1557,yes,yes,1,0,unknown,0
35,secondary,505,yes,yes,2,0,unknown,0
41,tertiary,1536,no,no,2,0,unknown,0
42,tertiary,0,no,no,6,0,unknown,0
48,unknown,439,yes,no,1,2,other,0
45,primary,44,no,no,1,0,unknown,0
47,tertiary,295,yes,no,1,0,unknown,0
37,primary,190,yes,yes,1,0,unknown,0
32,secondary,3935,yes,no,2,0,unknown,0
40,tertiary,-17,yes,yes,1,1,success,1
35,secondary,175,yes,no,1,1,failure,0
31,secondary,4888,yes,no,4,2,failure,0
36,tertiary,40,no,no,3,0,unknown,0
44,tertiary,4460,no,no,2,0,unknown,0
52,secondary,98,no,yes,1,0,unknown,0
28,secondary,330,no,no,1,0,unknown,0
45,primary,13117,no,no,2,0,unknown,0
38,tertiary,12877,no,no,3,0,unknown,0
39,primary,1506,yes,no,2,0,unknown,0
28,tertiary,0,no,no,2,0,unknown,0
31,secondary,775,no,no,1,0,unknown,0
46,primary,258,yes,no,1,0,unknown,0
22,secondary,246,yes,no,1,0,unknown,0
49,primary,2146,yes,no,2,2,other,1
44,secondary,304,yes,no,2,0,unknown,0
31,secondary,360,yes,no,4,0,unknown,0
53,primary,3316,yes,no,6,0,unknown,0
55,tertiary,6880,no,no,2,0,unknown,0
35,secondary,2189,no,no,3,0,unknown,0
35,secondary,5304,yes,no,1,2,failure,0
37,tertiary,102,yes,no,2,0,unknown,0
50,secondary,181,yes,no,2,0,unknown,0
37,primary,3953,yes,no,2,1,failure,0
37,primary,6969,yes,no,1,0,unknown,0
29,tertiary,572,no,no,1,1,success,1
31,secondary,223,yes,no,1,11,success,0
40,secondary,-396,yes,no,1,0,unknown,0
47,secondary,164,no,no,1,0,unknown,0
55,secondary,2678,no,yes,12,0,unknown,0
33,secondary,920,yes,no,1,4,failure,0
53,secondary,4554,no,no,6,0,unknown,0
38,tertiary,623,no,no,4,4,other,1
61,secondary,967,no,no,1,0,unknown,0
43,secondary,1577,yes,no,1,0,unknown,0
42,primary,1,yes,no,5,0,unknown,0
36,tertiary,0,no,no,4,0,unknown,0
31,tertiary,1166,yes,no,1,0,unknown,0
59,unknown,3534,no,no,4,0,unknown,0
29,primary,200,yes,no,2,0,unknown,0
33,secondary,4790,yes,no,1,2,failure,0
44,primary,-237,yes,no,1,0,unknown,0
43,secondary,1335,yes,no,2,0,unknown,0
42,tertiary,603,yes,no,5,0,unknown,0
32,tertiary,577,no,no,2,0,unknown,0
43,tertiary,0,yes,no,1,0,unknown,0
39,secondary,163,yes,no,2,0,unknown,0
23,primary,1158,yes,no,1,0,unknown,0
43,secondary,642,no,no,2,0,unknown,0
46,secondary,466,yes,no,1,0,unknown,0
31,secondary,119,yes,no,1,0,unknown,0
38,tertiary,3436,no,no,4,0,unknown,1
53,primary,238,yes,no,2,5,failure,0
37,primary,378,yes,no,1,0,unknown,0
49,secondary,32,no,no,1,0,unknown,0
31,secondary,315,no,no,1,1,other,0
45,tertiary,6945,no,no,5,3,failure,0
58,secondary,3496,yes,no,4,0,unknown,0
35,secondary,0,yes,no,1,0,unknown,0
32,secondary,309,yes,yes,1,3,failure,0
28,tertiary,0,yes,no,6,0,unknown,0
26,secondary,668,yes,no,3,0,unknown,1
48,tertiary,1175,yes,no,3,0,unknown,0
30,secondary,363,no,no,3,0,unknown,0
31,tertiary,38,no,no,2,0,unknown,0
31,tertiary,1183,yes,no,6,0,unknown,0
45,primary,942,no,no,1,0,unknown,0
38,secondary,4196,yes,no,2,0,unknown,0
34,tertiary,297,yes,no,4,0,unknown,0
42,secondary,-91,yes,yes,1,0,unknown,0
60,primary,362,no,yes,6,0,unknown,1
42,secondary,1080,yes,yes,3,4,failure,1
32,secondary,620,yes,no,3,0,unknown,1
42,tertiary,-166,no,no,4,0,unknown,0
33,secondary,288,yes,no,1,0,unknown,0
42,unknown,642,yes,yes,2,0,unknown,0
51,tertiary,2506,no,no,3,0,unknown,0
36,secondary,566,yes,no,2,0,unknown,0
46,secondary,668,yes,no,2,0,unknown,1
40,secondary,1100,yes,no,2,0,unknown,0
49,secondary,322,no,no,2,0,unknown,0
38,secondary,1205,yes,no,4,1,failure,0
32,secondary,473,yes,no,5,0,unknown,0
33,secondary,-333,yes,no,5,0,unknown,0
57,tertiary,-3313,yes,yes,1,0,unknown,0
57,secondary,295,no,no,11,0,unknown,0
28,secondary,1137,no,no,4,3,other,0
44,tertiary,1136,yes,yes,2,7,other,0
